ID,Name in English,Countries,Number of speakers,country_count,naive_speakers_per_country
1022,South Italian,Italy,7500000.0,1,7500000.0
1023,Sicilian,Italy,5000000.0,1,5000000.0
2211,Yiddish (Israel),Israel,3000000.0,1,3000000.0
1586,Gondi,India,2713790.0,1,2713790.0
1943,Quechua of Southern Bolivia,Bolivia (Plurinational State of),2300000.0,1,2300000.0
1985,Zazaki,Turkey,2000000.0,1,2000000.0
399,Piedmontese,Italy,2000000.0,1,2000000.0
1591,Kurux (India),India,1751489.0,1,1751489.0
382,Lombard,"Italy, Switzerland",3500000.0,2,1750000.0
2065,Tamajeq,Niger,1750000.0,1,1750000.0
1585,Tulu,India,1722768.0,1,1722768.0
1556,Kangdi,India,1700000.0,1,1700000.0
410,Scots,United Kingdom of Great Britain and Northern Ireland,1500000.0,1,1500000.0
334,Bashkir,Russian Federation,1379727.0,1,1379727.0
1067,Chechen,Russian Federation,1331844.0,1,1331844.0
338,Chuvash,Russian Federation,1325382.0,1,1325382.0
1227,Meithei,India,1250000.0,1,1250000.0
1013,Quechua of Cuzco,Peru,1115000.0,1,1115000.0
1565,Kumaoni,"India, Nepal",2003783.0,2,1001891.5
349,Emilian-Romagnol,"Italy, San Marino",2000000.0,2,1000000.0
383,Low Saxon,"Germany, Denmark, Netherlands, Poland, Russian Federation",4800000.0,5,960000.0
1577,Kui,India,916222.0,1,916222.0
1231,Khasi,India,912000.0,1,912000.0
337,Campidanese,Italy,900000.0,1,900000.0
1229,Bodo,India,900000.0,1,900000.0
1803,K'iche' (Guatemala),Guatemala,890596.0,1,890596.0
1020,Limburgian-Ripuarian,"Germany, Belgium, Netherlands",2600000.0,3,866666.6666666666
989,Quechua of Ayacucho,Peru,850000.0,1,850000.0
1117,Newar,Nepal,825458.0,1,825458.0
701,Tamaceq,Mali,800000.0,1,800000.0
1069,Avar,Russian Federation,784840.0,1,784840.0
425,Welsh,United Kingdom of Great Britain and Northern Ireland,750000.0,1,750000.0
1211,Mundari,India,750000.0,1,750000.0
1827,Q'eqchi' (Guatemala),Guatemala,716101.0,1,716101.0
335,Belarusian,"Belarus, Latvia, Lithuania, Poland, Russian Federation, Ukraine",4000000.0,6,666666.6666666666
755,Aymara,"Bolivia (Plurinational State of), Chile, Peru",2000000.0,3,666666.6666666666
1021,Venetan,"Croatia, Italy, Slovenia",2000000.0,3,666666.6666666666
1559,Mandeali,India,611930.0,1,611930.0
997,Quechua of Ancash and Huánuco,Peru,600000.0,1,600000.0
353,Friulian,Italy,600000.0,1,600000.0
1114,Tamang,"India, Nepal",1196639.0,2,598319.5
1091,Mising,India,550000.0,1,550000.0
1230,Mizo,India,529000.0,1,529000.0
1070,Dargwa,Russian Federation,503523.0,1,503523.0
375,Languedocian,France,500000.0,1,500000.0
1024,Eastern Slovak,"Slovakia, Ukraine",1000000.0,2,500000.0
1476,West Flemish,"Belgium, France, Netherlands",1500000.0,3,500000.0
1515,Talysh,"Azerbaijan, Iran (Islamic Republic of)",1000000.0,2,500000.0
1558,Mahasui,India,496024.0,1,496024.0
1118,Magar,Nepal,489383.0,1,489383.0
1822,Mam (Guatemala),Guatemala,477717.0,1,477717.0
418,Udmurt,Russian Federation,463837.0,1,463837.0
1506,Huasteca Náhuatl,Mexico,463183.0,1,463183.0
1074,Kumyk,Russian Federation,458121.0,1,458121.0
508,Yakut,Russian Federation,456288.0,1,456288.0
1801,Kaqchikel (Guatemala),Guatemala,444954.0,1,444954.0
1165,Karbi,India,420000.0,1,420000.0
347,Eastern Mari,Russian Federation,414211.0,1,414211.0
1068,Ingush,Russian Federation,405343.0,1,405343.0
626,Mapuche (Chile),Chile,400000.0,1,400000.0
381,Logudorese,Italy,400000.0,1,400000.0
2165,Judezmo (Israel),Israel,400000.0,1,400000.0
1212,Ho,India,400000.0,1,400000.0
350,Erzya,Russian Federation,400000.0,1,400000.0
534,Lalo,China,400000.0,1,400000.0
378,Limousin,France,400000.0,1,400000.0
2222,Mon,"Myanmar, Thailand",800000.0,2,400000.0
1503,Central Náhuatl,Mexico,395581.0,1,395581.0
964,Bantawa,Nepal,371056.0,1,371056.0
1202,Angika,"India, Nepal",740892.0,2,370446.0
1424,Santa,China,360000.0,1,360000.0
1057,Mingrelian,Georgia,350000.0,1,350000.0
426,West Frisian,Netherlands,350000.0,1,350000.0
398,Picard,"Belgium, France",700000.0,2,350000.0
1228,Kokborok,"Bangladesh, India",695000.0,2,347500.0
1113,Gurung,Nepal,338925.0,1,338925.0
377,Ligurian,"France, Italy, Monaco",1000000.0,3,333333.3333333333
415,Basque,"Spain, France",660000.0,2,330000.0
1065,Kabard-Cherkes,"Russian Federation, Turkey",650000.0,2,325000.0
1075,Karachay-Balkar,Russian Federation,302748.0,1,302748.0
469,Buryat (Trans-Baikal),Russian Federation,300000.0,1,300000.0
1578,Kuvi,India,300000.0,1,300000.0
1479,Waxiang,China,300000.0,1,300000.0
1935,"Quichua (Cotopaxi, Tungurahua and Chimborazo)",Ecuador,300000.0,1,300000.0
401,Plautdietsch,Ukraine,300000.0,1,300000.0
2452,Moroccan Judeo-Arabic (Israel),Israel,300000.0,1,300000.0
1026,Torlak,"Albania, Bulgaria, The former Yugoslav Republic of Macedonia, Romania, Serbia",1500000.0,5,300000.0
1574,Kurru,India,300000.0,1,300000.0
1563,Garhwali,India,279500.0,1,279500.0
1066,Ossete,"Georgia, Russian Federation",550000.0,2,275000.0
1523,Polesian,"Belarus, Poland, Ukraine",800000.0,3,266666.6666666667
1380,Bade,Nigeria,250000.0,1,250000.0
2245,Phula (China),China,250000.0,1,250000.0
1205,Sora,India,250000.0,1,250000.0
336,Breton,France,250000.0,1,250000.0
1072,Lezgian,"Azerbaijan, Russian Federation",500000.0,2,250000.0
1119,Konyak,India,248000.0,1,248000.0
1130,Ao,India,243000.0,1,243000.0
1970,Nafusi,Libyan Arab Jamahiriya,240000.0,1,240000.0
1592,Malto,India,224926.0,1,224926.0
1600,Khowar,Pakistan,222800.0,1,222800.0
2481,Maiya,Pakistan,220000.0,1,220000.0
373,Komi,Russian Federation,217316.0,1,217316.0
1384,Gera,Nigeria,200000.0,1,200000.0
355,Gallo,France,200000.0,1,200000.0
1204,Kharia,India,200000.0,1,200000.0
1570,Irula,India,200000.0,1,200000.0
847,Khorasani Turk,Iran (Islamic Republic of),200000.0,1,200000.0
1210,Korku,India,200000.0,1,200000.0
1947,Walloon,"Belgium, France, Luxembourg",600000.0,3,200000.0
328,Moksha,Russian Federation,200000.0,1,200000.0
407,Rusyn,"Hungary, Poland, Romania, Slovakia, Ukraine",1000000.0,5,200000.0
2225,Western Cham,Cambodia,200000.0,1,200000.0
1161,Thado,India,191000.0,1,191000.0
1557,Kului,India,170770.0,1,170770.0
977,Nyishi,India,170000.0,1,170000.0
1132,Lhota,India,170000.0,1,170000.0
1898,Ngäbere (Panama),Panama,169130.0,1,169130.0
2485,Brahui,"Iran (Islamic Republic of), Pakistan, Afghanistan",500000.0,3,166666.66666666666
1582,Kodagu,India,166187.0,1,166187.0
1253,Dzongkha,Bhutan,160000.0,1,160000.0
295,Guajiro,"Colombia, Venezuela (Bolivarian Republic of)",318500.0,2,159250.0
368,Kalmyk,Russian Federation,153602.0,1,153602.0
1071,Lak,Russian Federation,153373.0,1,153373.0
404,Provençal,France,150000.0,1,150000.0
1174,Rabha,India,150000.0,1,150000.0
1028,Limbu,"India, Nepal",300000.0,2,150000.0
1996,Tamzabit,Algeria,150000.0,1,150000.0
1154,Tangkhul,India,142000.0,1,142000.0
1826,Q'aanjob'al,Guatemala,139830.0,1,139830.0
1569,Badaga,India,134514.0,1,134514.0
1140,Angami,India,132000.0,1,132000.0
1073,Tabasaran,Russian Federation,128391.0,1,128391.0
1553,Chambeali,India,126589.0,1,126589.0
352,Gascon,"Spain, France",250000.0,2,125000.0
1129,Phom,India,123000.0,1,123000.0
1588,Kolami,India,121855.0,1,121855.0
405,Romani,"Albania, Germany, Austria, Belarus, Bosnia and Herzegovina, Bulgaria, Croatia, Estonia, Finland, France, Greece, Hungary, Italy, Latvia, Lithuania, The former Yugoslav Republic of Macedonia, Netherlands, Poland, Romania, United Kingdom of Great Britain and Northern Ireland, Russian Federation, Slovakia, Slovenia, Switzerland, Czech Republic, Turkey, Ukraine, Serbia, Montenegro",3500000.0,29,120689.6551724138
655,Tamahaq (Algeria),Algeria,120000.0,1,120000.0
408,Sassarese,Italy,120000.0,1,120000.0
784,Navajo,United States of America,120000.0,1,120000.0
1590,Konda,India,118597.0,1,118597.0
916,Sierra Totonac,Mexico,118367.0,1,118367.0
1564,Jaunsari,India,114733.0,1,114733.0
1167,Dimasa,India,112000.0,1,112000.0
1429,Salar,China,104503.0,1,104503.0
1136,Simi,India,104000.0,1,104000.0
904,Phurhepecha,Mexico,102988.0,1,102988.0
1754,Mapuche (Argentina),Argentina,100000.0,1,100000.0
331,Aromanian,"Albania, Bulgaria, Greece, The former Yugoslav Republic of Macedonia, Serbia",500000.0,5,100000.0
356,Gallurese,Italy,100000.0,1,100000.0
1233,Ordos,China,100000.0,1,100000.0
451,Dagur (Nonni),China,100000.0,1,100000.0
1891,Miskito (Nicaragua),Nicaragua,100000.0,1,100000.0
342,Crimean Tatar (Crimea),Ukraine,100000.0,1,100000.0
1944,Quechua of Northern Bolivia,Bolivia (Plurinational State of),100000.0,1,100000.0
365,Alpine Provençal,"France, Italy",200000.0,2,100000.0
1861,Garífuna (Honduras),Honduras,98000.0,1,98000.0
424,Moselle Franconian,"Germany, Belgium, France, Luxembourg",390000.0,4,97500.0
292,Embera (Colombia),Colombia,95000.0,1,95000.0
1162,Kabui,India,95000.0,1,95000.0
397,Permyak,Russian Federation,94328.0,1,94328.0
1434,Oyrat,"China, Kyrgyzstan, Mongolia",280000.0,3,93333.33333333333
1825,Poqomchi',Guatemala,92941.0,1,92941.0
1135,Yimchungru,India,92000.0,1,92000.0
669,Nogay (Caucasus),Russian Federation,90020.0,1,90020.0
1930,Quichua (Cañar and Azuay),Ecuador,90000.0,1,90000.0
389,Gagauz (Bessarabia),"Republic of Moldova, Ukraine",180000.0,2,90000.0
700,Heiban,Sudan,90000.0,1,90000.0
932,Mezquital Otomí,Mexico,88789.0,1,88789.0
940,Eastern Mazahua,Mexico,88001.0,1,88001.0
1599,Burushaski,Pakistan,87000.0,1,87000.0
981,Adi,"China, India",170000.0,2,85000.0
928,Central Otomí,Mexico,84593.0,1,84593.0
1133,Sangtam,India,84000.0,1,84000.0
1141,Chokri,India,84000.0,1,84000.0
1791,Ixil (Guatemala),Guatemala,83574.0,1,83574.0
1777,Achi',Guatemala,82640.0,1,82640.0
1686,Yem,Ethiopia,81613.0,1,81613.0
1144,Mao,India,81000.0,1,81000.0
1234,Tuvan,"China, Mongolia, Russian Federation",242754.0,3,80918.0
1058,Svan,Georgia,80000.0,1,80000.0
340,Corsican,"France, Italy",160000.0,2,80000.0
2303,Quechua of Santiago del Estero,Argentina,80000.0,1,80000.0
1765,Lari,Iran (Islamic Republic of),80000.0,1,80000.0
2163,Taznatit,Algeria,80000.0,1,80000.0
641,Páez,Colombia,80000.0,1,80000.0
1347,Arbëresh,Italy,80000.0,1,80000.0
376,Latgalian,"Latvia, Russian Federation",150000.0,2,75000.0
2179,Razihi,Yemen,75000.0,1,75000.0
332,Asturian-Leonese,"Spain, Portugal",150000.0,2,75000.0
2237,Tai Neua,Lao People's Democratic Republic,70000.0,1,70000.0
702,Maori,New Zealand,70000.0,1,70000.0
1713,Acheron,Sudan,70000.0,1,70000.0
7,Western Armenian (Middle East),"Iraq, Lebanon, Syrian Arab Republic",200000.0,3,66666.66666666667
1562,Kinnauri,India,65097.0,1,65097.0
1330,Gallo-Sicilian,Italy,65000.0,1,65000.0
1594,Kurux (Bangladesh),Bangladesh,65000.0,1,65000.0
1056,Laz,"Georgia, Turkey",130000.0,2,65000.0
1258,Tshangla,"Bhutan, China, India",193000.0,3,64333.333333333336
1831,Tz'utujil,Guatemala,63237.0,1,63237.0
2350,Chamorro,Guam (U.S.A.),62500.0,1,62500.0
741,Ashaninka (Peru),Peru,62468.0,1,62468.0
1131,Chang,India,62000.0,1,62000.0
1897,Kuna (Panama),Panama,61703.0,1,61703.0
1554,Churahi,India,61199.0,1,61199.0
1139,Rengma,India,61000.0,1,61000.0
1155,Nruanghmei,India,61000.0,1,61000.0
2480,Torwali,Pakistan,60000.0,1,60000.0
2439,Northern Tujia,China,60000.0,1,60000.0
1027,Faroese,Faroe Islands,60000.0,1,60000.0
1787,Chuj (Guatemala),Guatemala,59048.0,1,59048.0
1186,Kachari,India,59000.0,1,59000.0
411,Scottish Gaelic,United Kingdom of Great Britain and Northern Ireland,58552.0,1,58552.0
1504,Sierra de Puebla Náhuatl,Mexico,57189.0,1,57189.0
643,Limonese Creole,Costa Rica,55000.0,1,55000.0
370,Kashubian,Poland,53000.0,1,53000.0
1179,Ladakhi,"China, India",105000.0,2,52500.0
481,Khakas,Russian Federation,52217.0,1,52217.0
1587,Parji,India,51216.0,1,51216.0
1352,Arvanitika,Greece,50000.0,1,50000.0
507,Buryat (Cis-Baikal),Russian Federation,50000.0,1,50000.0
462,Southern Altay,Russian Federation,50000.0,1,50000.0
1949,Soqotri,Yemen,50000.0,1,50000.0
2229,Eastern Cham,Viet Nam,50000.0,1,50000.0
1232,Hmar,India,50000.0,1,50000.0
1422,Huzhu Monguor,China,50000.0,1,50000.0
687,West Greenlandic,Greenland (Kingdom of Denmark),50000.0,1,50000.0
1929,Quichua (Imbabura),Ecuador,50000.0,1,50000.0
1078,Pontic Greek,"Armenia, Georgia, Greece, Russian Federation, Turkey, Ukraine",300000.0,6,50000.0
1475,Transylvanian Saxon,Romania,50000.0,1,50000.0
96,Suba,"Kenya, United Republic of Tanzania",100000.0,2,50000.0
1494,Western Armenian (Turkey),Turkey,50000.0,1,50000.0
122,Zaramo,United Republic of Tanzania,50000.0,1,50000.0
2180,Zenatiya,Algeria,50000.0,1,50000.0
1620,Mehri,"Oman, Yemen",100000.0,2,50000.0
1159,Paite,India,50000.0,1,50000.0
915,Papantla Totonac,Mexico,49748.0,1,49748.0
1108,Wancho,India,49000.0,1,49000.0
2232,Suret,"Armenia, Iran (Islamic Republic of), Iraq, Syrian Arab Republic, Turkey",240000.0,5,48000.0
1128,Sherpa,"China, India, Nepal",143693.0,3,47897.666666666664
760,Shughni,"Tajikistan, Afghanistan",95000.0,2,47500.0
1213,Bhumji,India,47000.0,1,47000.0
2241,Cosung (China),China,47000.0,1,47000.0
2240,Cosung (Viet Nam),Viet Nam,47000.0,1,47000.0
1931,Quichua (Loja),Ecuador,45000.0,1,45000.0
2249,Baheng (China),China,45000.0,1,45000.0
60,Lumun,Sudan,45000.0,1,45000.0
1025,Chamling,Nepal,44093.0,1,44093.0
1329,Reshe,Nigeria,44000.0,1,44000.0
927,Sierra Otomí,Mexico,43468.0,1,43468.0
134,Phuthi,Lesotho,43000.0,1,43000.0
704,Rarotongan,Cook Islands,43000.0,1,43000.0
1064,Adyge,"Iraq, Israel, Jordan, The former Yugoslav Republic of Macedonia, Russian Federation, Syrian Arab Republic, Turkey",300000.0,7,42857.142857142855
1804,Khalaj,Iran (Islamic Republic of),42100.0,1,42100.0
1076,Abkhaz,"Georgia, Russian Federation, Turkey",125000.0,3,41666.666666666664
1143,Kheza,India,41000.0,1,41000.0
1304,Jola-Kassa,Senegal,40850.0,1,40850.0
1447,Satār,Nepal,40260.0,1,40260.0
1247,Kheng,Bhutan,40000.0,1,40000.0
70,Laro,Sudan,40000.0,1,40000.0
2236,Tai Daeng,"Lao People's Democratic Republic, Viet Nam",80000.0,2,40000.0
2210,Tetserret,Niger,40000.0,1,40000.0
1104,Tangsa,India,40000.0,1,40000.0
1275,Quichua (Napo),Ecuador,40000.0,1,40000.0
998,"Quechua of Cajatambo, Pasco and northern Junín",Peru,40000.0,1,40000.0
149,Patani Malay,Thailand,40000.0,1,40000.0
1137,Mru,Myanmar,40000.0,1,40000.0
1208,Gutob,India,40000.0,1,40000.0
986,Minyong,India,40000.0,1,40000.0
734,Awajun,Peru,39000.0,1,39000.0
1717,Ngile,Sudan,38000.0,1,38000.0
1134,Khiamngan,India,38000.0,1,38000.0
2235,Phunoi,Lao People's Democratic Republic,37311.0,1,37311.0
1151,Maram,India,37000.0,1,37000.0
905,Lower Mixe,Mexico,37000.0,1,37000.0
427,Western Mari,Russian Federation,36822.0,1,36822.0
1082,Chepang,Nepal,36807.0,1,36807.0
1356,Chontal Tabasco,Mexico,36514.0,1,36514.0
2414,Muji,China,36500.0,1,36500.0
1568,Bishnupriya Manipuri Creole,"Bangladesh, India",72899.0,2,36449.5
1778,Akatek (Guatemala),Guatemala,35763.0,1,35763.0
1491,Huichol,Mexico,35724.0,1,35724.0
406,Romansh,Switzerland,35095.0,1,35095.0
938,Apatani,India,35000.0,1,35000.0
988,Galo,India,35000.0,1,35000.0
759,Shuar chicham,Ecuador,35000.0,1,35000.0
999,Wanka Quechua,Peru,35000.0,1,35000.0
1218,Korwa,India,35000.0,1,35000.0
1800,Jakaltek (Guatemala),Guatemala,34038.0,1,34038.0
1147,Liangmai,India,34000.0,1,34000.0
1150,Zeme,India,34000.0,1,34000.0
1277,Highland Mazatec,Mexico,33859.0,1,33859.0
1116,Thangmi,Nepal,33500.0,1,33500.0
1567,Bhadravahi,"India, Pakistan",66918.0,2,33459.0
366,Francoprovençal,"France, Italy, Switzerland",100000.0,3,33333.333333333336
1106,Nocte,India,33000.0,1,33000.0
1490,Mayo,Mexico,32869.0,1,32869.0
2309,Lauje,Indonesia,32000.0,1,32000.0
431,Danuwar,Nepal,31849.0,1,31849.0
1561,Sirmaudi,India,31144.0,1,31144.0
1171,Koch,India,31000.0,1,31000.0
2030,Amis,China,30000.0,1,30000.0
2451,Judeo-Berber (Israel),Israel,30000.0,1,30000.0
1120,Kham,Nepal,30000.0,1,30000.0
565,Ladin,Italy,30000.0,1,30000.0
503,Tundra Nenets,Russian Federation,30000.0,1,30000.0
2408,Wuse,China,30000.0,1,30000.0
2427,Maonan,China,30000.0,1,30000.0
659,Toba,Argentina,30000.0,1,30000.0
1715,Moro,Sudan,30000.0,1,30000.0
2425,Mulam,China,30000.0,1,30000.0
2181,Tidikelt,Algeria,30000.0,1,30000.0
1012,Quechua of Cajamarca,Peru,30000.0,1,30000.0
1276,Quichua (Pastaza),Ecuador,30000.0,1,30000.0
1768,Dzhidi,Iran (Islamic Republic of),30000.0,1,30000.0
2321,Tialo,Indonesia,30000.0,1,30000.0
1245,Bumthang,Bhutan,30000.0,1,30000.0
2525,Biak,Indonesia,30000.0,1,30000.0
979,Tagin,India,30000.0,1,30000.0
1035,Agul,Russian Federation,29399.0,1,29399.0
1844,Bateri,Pakistan,29000.0,1,29000.0
1146,Mzieme,India,29000.0,1,29000.0
1112,Ghale,Nepal,28989.0,1,28989.0
907,Sierra Popoluca,Mexico,28700.0,1,28700.0
1446,Kurux (Nepal),Nepal,28615.0,1,28615.0
1170,Deori,India,28000.0,1,28000.0
1279,Soyaltepec Mazatec,Mexico,27524.0,1,27524.0
941,Western Mazahua,Mexico,27037.0,1,27037.0
1430,Sibe,China,27000.0,1,27000.0
1505,Isthmus Náhuatl,Mexico,26632.0,1,26632.0
1105,Sunwar,Nepal,26611.0,1,26611.0
1302,Mancagne,Senegal,26450.0,1,26450.0
1576,Gadaba,India,26262.0,1,26262.0
422,Võro-Seto,"Estonia, Russian Federation",50000.0,2,25000.0
1986,Turoyo,"Syrian Arab Republic, Turkey",50000.0,2,25000.0
458,Buryat (Manchuria),"China, Mongolia",50000.0,2,25000.0
1423,Minhe Monguor,China,25000.0,1,25000.0
1215,Koda,India,25000.0,1,25000.0
699,Tamazight (Beni Iznassen),Morocco,25000.0,1,25000.0
1351,Csángó Hungarian,Romania,25000.0,1,25000.0
885,Sioux,United States of America,25000.0,1,25000.0
1862,Miskito (Honduras),Honduras,25000.0,1,25000.0
1169,Majhi,Nepal,24664.0,1,24664.0
1501,Jone,China,24000.0,1,24000.0
1037,Andi,Russian Federation,23729.0,1,23729.0
599,Guambiano,Colombia,23462.0,1,23462.0
1164,Anal,India,23000.0,1,23000.0
1173,Tiwa,India,23000.0,1,23000.0
1203,Juang,India,23000.0,1,23000.0
1901,Embera (Panama),Panama,22485.0,1,22485.0
1306,Ediamat,Guinea-Bissau,22025.0,1,22025.0
362,Irish,"Ireland, United Kingdom of Great Britain and Northern Ireland",44000.0,2,22000.0
1461,Sarikoli,China,22000.0,1,22000.0
1386,Polci cluster,Nigeria,22000.0,1,22000.0
1157,Maring,India,22000.0,1,22000.0
1178,Mara,India,22000.0,1,22000.0
63,Krongo,Sudan,21688.0,1,21688.0
2300,Semnani,Iran (Islamic Republic of),21000.0,1,21000.0
1799,Khunsari,Iran (Islamic Republic of),21000.0,1,21000.0
1779,Ashtiani,Iran (Islamic Republic of),21000.0,1,21000.0
277,Plains Cree,Canada,20933.0,1,20933.0
1273,Higher Reservoir Mazatec,Mexico,20665.0,1,20665.0
1280,Chilchotla Mazatec,Mexico,20585.0,1,20585.0
1670,Dungan,"Kazakhstan, Kyrgyzstan",41000.0,2,20500.0
955,"Zapotec of the Valleys, middle northwest",Mexico,20448.0,1,20448.0
1995,Tacenwit,Algeria,20000.0,1,20000.0
1614,Griko (Salento),Italy,20000.0,1,20000.0
1152,Khoirao,India,20000.0,1,20000.0
1185,Manchad,India,20000.0,1,20000.0
1337,Mariupolitan Greek,Ukraine,20000.0,1,20000.0
985,Padam,India,20000.0,1,20000.0
436,Dhimal,Nepal,20000.0,1,20000.0
1252,Cho-ca-nga-ca-kha,Bhutan,20000.0,1,20000.0
2090,Western Neo-Aramaic,Syrian Arab Republic,20000.0,1,20000.0
1438,Yaghnobi,Tajikistan,20000.0,1,20000.0
1990,Bru,Thailand,20000.0,1,20000.0
978,Bangni,India,20000.0,1,20000.0
2443,Aluo,China,20000.0,1,20000.0
1405,Yeyi,Botswana,20000.0,1,20000.0
1878,Kaiowá Guarani,Brazil,20000.0,1,20000.0
2224,Yaw,Myanmar,20000.0,1,20000.0
1502,Tangwang,China,20000.0,1,20000.0
1927,Guaraní Boliviano,"Argentina, Bolivia (Plurinational State of)",40000.0,2,20000.0
384,Sorbian,Germany,19500.0,1,19500.0
1959,Terena,Brazil,19000.0,1,19000.0
1189,Hrangkhol,India,19000.0,1,19000.0
1187,Biete,India,19000.0,1,19000.0
1379,Wakhi,"China, Pakistan, Tajikistan, Afghanistan",75000.0,4,18750.0
1092,Kulung,Nepal,18686.0,1,18686.0
617,Kaingang,Brazil,18500.0,1,18500.0
1278,Lowland Mazatec,Mexico,18389.0,1,18389.0
1797,Vafsi,Iran (Islamic Republic of),18000.0,1,18000.0
1310,Bassari,Senegal,17910.0,1,17910.0
296,Sikuani,"Colombia, Venezuela (Bolivarian Republic of)",34614.0,2,17307.0
1307,Bayot,Senegal,17150.0,1,17150.0
1712,Tamahaq (Libya),Libyan Arab Jamahiriya,17000.0,1,17000.0
1142,Pochuri,India,17000.0,1,17000.0
276,Swampy Cree,Canada,16685.0,1,16685.0
2261,Cuona Menba,"Bhutan, China, India",50000.0,3,16666.666666666668
1583,Koraga,India,16665.0,1,16665.0
1684,Oyda,Ethiopia,16597.0,1,16597.0
1560,Pangvali,India,16285.0,1,16285.0
654,Shipibo-Conibo,Peru,16085.0,1,16085.0
109,Amba,Uganda,16000.0,1,16000.0
1077,Abaza,"Russian Federation, Turkey",31000.0,2,15500.0
1051,Tsez,Russian Federation,15356.0,1,15356.0
2254,Juk,Lao People's Democratic Republic,15000.0,1,15000.0
1361,Nahali,India,15000.0,1,15000.0
648,Macushi (Brazil),Brazil,15000.0,1,15000.0
539,Lavua,Thailand,15000.0,1,15000.0
2434,Laemae,China,15000.0,1,15000.0
1681,Kwama,Ethiopia,15000.0,1,15000.0
1425,Bonan,China,15000.0,1,15000.0
1145,Ha-lung Tibetan,Nepal,15000.0,1,15000.0
24,Gurdu-Mbaaru,Nigeria,15000.0,1,15000.0
1180,Gangte,India,15000.0,1,15000.0
2432,Ersu,China,15000.0,1,15000.0
1250,Dzala,Bhutan,15000.0,1,15000.0
1773,Dari,Iran (Islamic Republic of),15000.0,1,15000.0
2246,Chrau,Viet Nam,15000.0,1,15000.0
2445,Hlersu,China,15000.0,1,15000.0
2401,Nyoe,Thailand,15000.0,1,15000.0
2294,Semai,Malaysia,15000.0,1,15000.0
1524,O'odham (Akimel),United States of America,15000.0,1,15000.0
1719,Shatt,Sudan,15000.0,1,15000.0
6,Siwi,Egypt,15000.0,1,15000.0
1289,Tagargrent,Algeria,15000.0,1,15000.0
2428,Rao,China,15000.0,1,15000.0
2162,Tayurayt,Algeria,15000.0,1,15000.0
2324,Totoli,Indonesia,15000.0,1,15000.0
2031,Paiwan,China,15000.0,1,15000.0
421,Vojvodina Rusyn,"Croatia, Serbia",30000.0,2,15000.0
1378,Rushani,"Tajikistan, Afghanistan",30000.0,2,15000.0
2221,"Mok (Myanmar, Thailand)","Myanmar, Thailand",30000.0,2,15000.0
871,O'odham (Tohono),United States of America,15000.0,1,15000.0
2448,Naluo,China,15000.0,1,15000.0
286,Aruaco,Colombia,14799.0,1,14799.0
1036,Rutul,"Azerbaijan, Russian Federation",29383.0,2,14691.5
441,Yakkha,Nepal,14648.0,1,14648.0
1584,Kuruba,India,14613.0,1,14613.0
707,Tuamotuan,French Polynesia (France),14400.0,1,14400.0
62,Katla,Sudan,14208.0,1,14208.0
294,Garífuna (Belize),Belize,14061.0,1,14061.0
1109,Thulung,Nepal,14034.0,1,14034.0
2574,Uhunduni,Indonesia,14000.0,1,14000.0
703,Niuean,Niue,14000.0,1,14000.0
1666,Guajajara,Brazil,14000.0,1,14000.0
1300,Gusilay,Senegal,13950.0,1,13950.0
1816,Xavante,Brazil,13303.0,1,13303.0
1721,Tagoi,Sudan,13000.0,1,13000.0
11,Nalu,Guinea,13000.0,1,13000.0
1168,Khampti,India,13000.0,1,13000.0
2304,Dondo,Indonesia,13000.0,1,13000.0
71,Karko,Sudan,12986.0,1,12986.0
939,San Mateo del Mar Huave,Mexico,12667.0,1,12667.0
1964,Warao,"Guyana, Venezuela (Bolivarian Republic of)",25000.0,2,12500.0
1513,Banat Bulgarian,"Romania, Serbia",25000.0,2,12500.0
396,Olonetsian,"Finland, Russian Federation",25000.0,2,12500.0
1006,Saek,"Lao People's Democratic Republic, Thailand",25000.0,2,12500.0
1061,Tsakhur,"Azerbaijan, Russian Federation",25000.0,2,12500.0
1751,Q'eqchi' (Belize),Belize,12366.0,1,12366.0
52,Kadaru,Sudan,12360.0,1,12360.0
1286,Mazatlán Mazatec,Mexico,12340.0,1,12340.0
1309,Badiaranke,Guinea,12205.0,1,12205.0
1606,Bangani,India,12000.0,1,12000.0
2617,Tajio,Indonesia,12000.0,1,12000.0
2618,Tobada',Indonesia,12000.0,1,12000.0
1333,Yurt Tatar,Russian Federation,12000.0,1,12000.0
2238,Chru,Viet Nam,12000.0,1,12000.0
1046,Chamalal,Russian Federation,12000.0,1,12000.0
2327,Alune,Indonesia,12000.0,1,12000.0
2435,Muya,China,12000.0,1,12000.0
2446,Jinuo,China,12000.0,1,12000.0
1090,Hill Miri,India,12000.0,1,12000.0
556,Samei,China,12000.0,1,12000.0
1489,Yaqui (Mexico),Mexico,11806.0,1,11806.0
1784,Ch'orti' (Guatemala),Guatemala,11734.0,1,11734.0
919,Filomeno Mata Totonac,Mexico,11710.0,1,11710.0
742,Ticuna,"Brazil, Colombia, Peru",35000.0,3,11666.666666666666
917,Northern Totonac,Mexico,11529.0,1,11529.0
1802,Hawrami,"Iran (Islamic Republic of), Iraq",23000.0,2,11500.0
19,Tuwuli,Ghana,11400.0,1,11400.0
1824,Poqomam,Guatemala,11273.0,1,11273.0
731,Machiguenga,Peru,11000.0,1,11000.0
1963,Piaroa (Venezuela),Venezuela (Bolivarian Republic of),11000.0,1,11000.0
714,Tuvaluan,Tuvalu,11000.0,1,11000.0
322,Waunana (Colombia),Colombia,11000.0,1,11000.0
683,Kari'ña (Venezuela),Venezuela (Bolivarian Republic of),11000.0,1,11000.0
1296,Noon,Senegal,10925.0,1,10925.0
1102,Sampang,Nepal,10810.0,1,10810.0
691,Central Alaskan Yupik (Nuniak Island),United States of America,10400.0,1,10400.0
690,Central Alaskan Yupik (2),United States of America,10400.0,1,10400.0
2665,Bukiyip,Papua New Guinea,10304.0,1,10304.0
2610,Saparua,Indonesia,10216.0,1,10216.0
1083,Darai,Nepal,10210.0,1,10210.0
1303,Bandial,Senegal,10125.0,1,10125.0
55,Bongo,Sudan,10084.0,1,10084.0
1484,Northwestern Tarahumara,Mexico,10031.0,1,10031.0
1589,Naiki,India,10000.0,1,10000.0
1948,Ñandeva Guarani,Brazil,10000.0,1,10000.0
27,Ngwaba,Nigeria,10000.0,1,10000.0
1008,Nyah Kur,Thailand,10000.0,1,10000.0
1198,Muot,India,10000.0,1,10000.0
1956,Mojo,Bolivia (Plurinational State of),10000.0,1,10000.0
1965,Pemon (Venezuela),"Guyana, Venezuela (Bolivarian Republic of)",20000.0,2,10000.0
535,Lamgang,India,10000.0,1,10000.0
1246,Kurtöp,Bhutan,10000.0,1,10000.0
394,North Frisian,Germany,10000.0,1,10000.0
483,Northern Khanty,Russian Federation,10000.0,1,10000.0
1298,Karone,Senegal,10000.0,1,10000.0
1248,Nyenkha,Bhutan,10000.0,1,10000.0
461,Solon,China,10000.0,1,10000.0
1723,Temein,Sudan,10000.0,1,10000.0
2027,Tayal,China,10000.0,1,10000.0
718,Tamazight (Tunisia),Tunisia,10000.0,1,10000.0
2410,Talu,China,10000.0,1,10000.0
2283,Orang Hulu,Malaysia,10000.0,1,10000.0
1718,Otoro,Sudan,10000.0,1,10000.0
2331,Taba,Indonesia,10000.0,1,10000.0
2440,Southern Tujia,China,10000.0,1,10000.0
1055,Kryz,Azerbaijan,10000.0,1,10000.0
2447,Miqie,China,10000.0,1,10000.0
1516,Karelian (Tver),Russian Federation,10000.0,1,10000.0
1678,Bukharic,Uzbekistan,10000.0,1,10000.0
327,Karelian (Karelia),"Finland, Russian Federation",20000.0,2,10000.0
1448,Crimean Tatar (Dobruja),"Bulgaria, Romania",20000.0,2,10000.0
440,Lepcha,"Bhutan, India, Nepal",30000.0,3,10000.0
1350,Burgenland Croatian,"Austria, Hungary, Slovakia",30000.0,3,10000.0
120,Vidunda,United Republic of Tanzania,10000.0,1,10000.0
1343,Algherese Catalan,Italy,10000.0,1,10000.0
2430,Baima,China,10000.0,1,10000.0
330,Aragonese,Spain,10000.0,1,10000.0
2029,Bunun,China,10000.0,1,10000.0
119,Burunge,United Republic of Tanzania,10000.0,1,10000.0
743,Chayahuita,Peru,10000.0,1,10000.0
903,Cherokee (Oklahoma),United States of America,10000.0,1,10000.0
344,Dalecarlian,Sweden,10000.0,1,10000.0
2173,Hulaula (Israel),Israel,10000.0,1,10000.0
139,Karang,Chad,10000.0,1,10000.0
2296,Temiar,Malaysia,10000.0,1,10000.0
291,Kogui,Colombia,9911.0,1,9911.0
1297,Paloor,Senegal,9680.0,1,9680.0
1780,Awakatek (Guatemala),Guatemala,9613.0,1,9613.0
1541,Choctaw (Louisiana),United States of America,9500.0,1,9500.0
896,Choctaw (Mississipi),United States of America,9500.0,1,9500.0
1542,Choctaw (Oklahoma),United States of America,9500.0,1,9500.0
1595,Kati,"Pakistan, Afghanistan",18700.0,2,9350.0
1088,Khaling,Nepal,9288.0,1,9288.0
1485,Western Tarahumara,Mexico,9196.0,1,9196.0
2362,Nunavimmiutitut,Canada,9105.0,1,9105.0
275,Woods Cree,Canada,9095.0,1,9095.0
2244,Phula (Viet Nam),Viet Nam,9046.0,1,9046.0
1889,Panamahka,Nicaragua,9000.0,1,9000.0
2581,Helong,Indonesia,9000.0,1,9000.0
1085,Dol-po,Nepal,9000.0,1,9000.0
2337,Lisela,Indonesia,9000.0,1,9000.0
880,Zuni,United States of America,9000.0,1,9000.0
1750,Mopán (Belize),Belize,8980.0,1,8980.0
1728,Tulishi,Sudan,8628.0,1,8628.0
1016,Central Cuicatec,Mexico,8621.0,1,8621.0
1685,Ts'amay,Ethiopia,8621.0,1,8621.0
1604,Phalura,Pakistan,8600.0,1,8600.0
1268,Northern Popoloc,Mexico,8597.0,1,8597.0
1274,Ixcatlán Mazatec,Mexico,8593.0,1,8593.0
918,Patla-Chicontla Totonac,Mexico,8590.0,1,8590.0
1647,Toram,Chad,8456.0,1,8456.0
994,Northwestern Tlapanec,Mexico,8409.0,1,8409.0
271,Dene,Canada,8195.0,1,8195.0
1526,Micmac (Massachusetts),United States of America,8145.0,1,8145.0
1853,Inga,Colombia,8000.0,1,8000.0
2424,Lajia,China,8000.0,1,8000.0
1255,Lakha,Bhutan,8000.0,1,8000.0
2187,Mbya Guarani (Paraguay),Paraguay,8000.0,1,8000.0
1675,Mundurukú,Brazil,8000.0,1,8000.0
767,Ojibwe,United States of America,8000.0,1,8000.0
586,Quichua (Salasaca),Ecuador,8000.0,1,8000.0
739,Yanesha,Peru,8000.0,1,8000.0
2402,Wunai Bunu,China,8000.0,1,8000.0
735,Wampis,Peru,8000.0,1,8000.0
1726,Tingal,Sudan,8000.0,1,8000.0
2284,Temuan,Malaysia,8000.0,1,8000.0
557,Sanyi,China,8000.0,1,8000.0
1182,Rongpo,India,8000.0,1,8000.0
67,Kanga,Sudan,8000.0,1,8000.0
88,Argobba,Ethiopia,8000.0,1,8000.0
1980,Hachijō,Japan,8000.0,1,8000.0
1701,Feroge,Sudan,8000.0,1,8000.0
1693,Belanda Bor,Sudan,8000.0,1,8000.0
708,Austral dialects,French Polynesia (France),8000.0,1,8000.0
1369,Mam (Mexico),Mexico,7977.0,1,7977.0
1318,Pana,Burkina Faso,7800.0,1,7800.0
1983,Macushi (Guyana),Guyana,7750.0,1,7750.0
466,Chukchi,Russian Federation,7742.0,1,7742.0
1875,Cabécar,Costa Rica,7622.0,1,7622.0
2172,Lishana Deni (Israel),Israel,7500.0,1,7500.0
593,Awa Cuaiquer,Colombia,7500.0,1,7500.0
393,North Saami,"Finland, Norway, Russian Federation, Sweden",30000.0,4,7500.0
925,Central Pame,Mexico,7399.0,1,7399.0
1702,Mebengokre,Brazil,7266.0,1,7266.0
1015,Quechua of Peruvian Amazonia,Peru,7200.0,1,7200.0
2433,Guichong,China,7000.0,1,7000.0
2061,Gazi,Iran (Islamic Republic of),7000.0,1,7000.0
103,Segeju,United Republic of Tanzania,7000.0,1,7000.0
1795,Sivandi,Iran (Islamic Republic of),7000.0,1,7000.0
1332,Karagash,Russian Federation,7000.0,1,7000.0
1786,Natanzi,Iran (Islamic Republic of),7000.0,1,7000.0
1783,Nayini,Iran (Islamic Republic of),7000.0,1,7000.0
91,Burji,Kenya,7000.0,1,7000.0
2438,Zhaba,China,7000.0,1,7000.0
1852,Tucano (Brazil),Brazil,7000.0,1,7000.0
2302,Soi,Iran (Islamic Republic of),7000.0,1,7000.0
2431,Choyi,China,7000.0,1,7000.0
320,Wapishana (Guyana),Guyana,7000.0,1,7000.0
2301,Bashkardi,Iran (Islamic Republic of),7000.0,1,7000.0
1190,Bawm,"Bangladesh, India",14000.0,2,7000.0
1217,Asur,India,7000.0,1,7000.0
1828,Sakapultek,Guatemala,6973.0,1,6973.0
1677,Chara,Ethiopia,6932.0,1,6932.0
1902,Waunana (Panama),Panama,6882.0,1,6882.0
694,San Francisco del Mar Huave,Mexico,6874.0,1,6874.0
692,Northern East Cree,Canada,6870.0,1,6870.0
1317,Micmac (Canada),Canada,6850.0,1,6850.0
2720,Northern Tepehuán,Mexico,6802.0,1,6802.0
879,Rio Grande Keresan,United States of America,6685.0,1,6685.0
1281,Western Mazatec,Mexico,6639.0,1,6639.0
1676,Bussa,Ethiopia,6624.0,1,6624.0
57,Thuri,Sudan,6600.0,1,6600.0
2444,Chesu,China,6600.0,1,6600.0
1694,Beli,Sudan,6600.0,1,6600.0
1053,Karata,Russian Federation,6574.0,1,6574.0
2375,Saulteau,Canada,6558.0,1,6558.0
1166,Kumāle,Nepal,6533.0,1,6533.0
929,Lower Northwestern Otomí,Mexico,6509.0,1,6509.0
83,Dimme,Ethiopia,6501.0,1,6501.0
585,Chiquitano (Bolivia),Bolivia (Plurinational State of),6500.0,1,6500.0
1729,Tumtum,Sudan,6500.0,1,6500.0
1042,Bezhta,Russian Federation,6461.0,1,6461.0
1115,Thakali,Nepal,6441.0,1,6441.0
1763,Mawé,Brazil,6219.0,1,6219.0
74,Dongotono,Sudan,6219.0,1,6219.0
498,Shor,Russian Federation,6210.0,1,6210.0
992,Central Tlapanec,Mexico,6191.0,1,6191.0
2366,Oji-Cree,Canada,6110.0,1,6110.0
65,Keiga,Sudan,6072.0,1,6072.0
2271,Ampibabo Lauje,Indonesia,6000.0,1,6000.0
1631,Cashinahua (Brazil),Brazil,6000.0,1,6000.0
32,Geji cluster,Nigeria,6000.0,1,6000.0
1879,Mbya Guarani (Brazil),Brazil,6000.0,1,6000.0
1060,Tindi,Russian Federation,6000.0,1,6000.0
1293,Sawkna,Libyan Arab Jamahiriya,6000.0,1,6000.0
2624,Nauruan,Nauru,6000.0,1,6000.0
2299,Parachi,Afghanistan,6000.0,1,6000.0
1460,Yazgulami,Tajikistan,6000.0,1,6000.0
1014,Quechua of San Martín,Peru,6000.0,1,6000.0
323,Yanomami (Brazil),Brazil,6000.0,1,6000.0
785,Western Apache,United States of America,6000.0,1,6000.0
1818,Nheengatu / Yeral (Brazil),Brazil,6000.0,1,6000.0
432,Chantyal,Nepal,5912.0,1,5912.0
2341,Mortlockese,Micronesia (Federated States of),5904.0,1,5904.0
1039,Akhvakh,Russian Federation,5793.0,1,5793.0
420,Veps,Russian Federation,5753.0,1,5753.0
1733,Komo,"Ethiopia, Sudan",11500.0,2,5750.0
2372,Qikiqtaaluk nigiani,Canada,5740.0,1,5740.0
1829,Sipakapense,Guatemala,5687.0,1,5687.0
1871,Bribri (Costa Rica),Costa Rica,5647.0,1,5647.0
1301,Bainouk-Gunyaamolo,Senegal,5635.0,1,5635.0
1305,Kwatay,Senegal,5625.0,1,5625.0
2248,Baheng (Viet Nam),Viet Nam,5569.0,1,5569.0
1084,Idu,"China, India",11101.0,2,5550.5
1603,Yidgha,Pakistan,5500.0,1,5500.0
1605,Dameli,Pakistan,5500.0,1,5500.0
909,Central Zoque,Mexico,5500.0,1,5500.0
1138,Sak (Bangladesh),Bangladesh,5500.0,1,5500.0
1486,Southeastern Tarahumara,Mexico,5406.0,1,5406.0
634,Chimané,Bolivia (Plurinational State of),5300.0,1,5300.0
73,Dilling,Sudan,5295.0,1,5295.0
851,San Dionisio del Mar Huave,Mexico,5165.0,1,5165.0
72,Lafofa,Sudan,5140.0,1,5140.0
1602,Kalasha,Pakistan,5000.0,1,5000.0
117,Kami,United Republic of Tanzania,5000.0,1,5000.0
529,Kathu,China,5000.0,1,5000.0
1962,Jibbali,Oman,5000.0,1,5000.0
30,Ilue,Nigeria,5000.0,1,5000.0
870,Hopi,United States of America,5000.0,1,5000.0
1597,Gutnish,Sweden,5000.0,1,5000.0
1922,Guarayu,Bolivia (Plurinational State of),5000.0,1,5000.0
1206,Gorum,India,5000.0,1,5000.0
2068,Khojki,Oman,5000.0,1,5000.0
123,Dhaiso,United Republic of Tanzania,5000.0,1,5000.0
2524,Damal,Indonesia,5000.0,1,5000.0
128,Khwe,Namibia,5000.0,1,5000.0
1188,Kom,India,5000.0,1,5000.0
2183,Korandje,Algeria,5000.0,1,5000.0
531,Lachi,Viet Nam,5000.0,1,5000.0
2426,Mak,China,5000.0,1,5000.0
709,Manihiki,Cook Islands,5000.0,1,5000.0
310,Pume,Venezuela (Bolivarian Republic of),5000.0,1,5000.0
1094,Miji,India,5000.0,1,5000.0
2413,Mo'ang (China),China,5000.0,1,5000.0
2243,Mo'ang (Viet Nam),Viet Nam,5000.0,1,5000.0
1349,Molise Croatian,Italy,5000.0,1,5000.0
2454,Moroccan Judeo-Arabic (Morocco),Morocco,5000.0,1,5000.0
2436,Namuyi,China,5000.0,1,5000.0
2313,Padoe,Indonesia,5000.0,1,5000.0
1103,Singpho,India,5000.0,1,5000.0
288,Barí,Colombia,5000.0,1,5000.0
450,Dagur (Hailar),China,5000.0,1,5000.0
2429,Anung (China),China,5000.0,1,5000.0
605,"Huitoto (Colombia, Peru)","Colombia, Peru",10000.0,2,5000.0
300,"Kurripako (Colombia, Venezuela)","Colombia, Venezuela (Bolivarian Republic of)",10000.0,2,5000.0
1079,Trukhmen,"Russian Federation, Turkmenistan",10000.0,2,5000.0
2002,Cubeo (Colombia),Colombia,5000.0,1,5000.0
1979,Yecuana (Venezuela),Venezuela (Bolivarian Republic of),5000.0,1,5000.0
1063,Udi (Azerbaijan),Azerbaijan,5000.0,1,5000.0
307,Patamona (Guyana),Guyana,5000.0,1,5000.0
1040,Bagvalal,Russian Federation,5000.0,1,5000.0
1671,Bambassi,Ethiopia,5000.0,1,5000.0
1193,Pu,India,5000.0,1,5000.0
1435,Bartangi,Tajikistan,5000.0,1,5000.0
900,Creek,United States of America,5000.0,1,5000.0
444,Brokpa,Bhutan,5000.0,1,5000.0
1216,Turi,India,5000.0,1,5000.0
1125,Jirel,Nepal,4919.0,1,4919.0
468,Dolgan,Russian Federation,4865.0,1,4865.0
2057,Romani (Colombia),Colombia,4858.0,1,4858.0
1160,Tsum,Nepal,4786.0,1,4786.0
993,Northern Tlapanec,Mexico,4771.0,1,4771.0
2028,Taroko,China,4750.0,1,4750.0
1850,Gawar-Bati,"Pakistan, Afghanistan",9500.0,2,4750.0
151,Kivallirmiutut,Canada,4675.0,1,4675.0
1283,Puebla Mazatec,Mexico,4660.0,1,4660.0
954,Zapotec of Petapa,Mexico,4613.0,1,4613.0
1086,Dungmali,Nepal,4609.0,1,4609.0
1427,Saryg Yugur,China,4600.0,1,4600.0
2373,Qikiqtaaluk uannangani,Canada,4550.0,1,4550.0
1689,Afitti,Sudan,4512.0,1,4512.0
748,Nomatsiguenga,Peru,4500.0,1,4500.0
1219,Motuo Menba,"China, India",9000.0,2,4500.0
713,Tokelauan,Tokelau,4500.0,1,4500.0
2326,Wotu,Indonesia,4500.0,1,4500.0
1111,Wambule,Nepal,4471.0,1,4471.0
688,Southern East Cree,Canada,4455.0,1,4455.0
1673,Arbore,Ethiopia,4441.0,1,4441.0
58,Ebang,Sudan,4412.0,1,4412.0
1327,Tafi,Ghana,4400.0,1,4400.0
1101,Puma,Nepal,4310.0,1,4310.0
267,Eastern Montagnais,Canada,4180.0,1,4180.0
1545,Atikamekw,Canada,4155.0,1,4155.0
906,Western Zoque,Mexico,4100.0,1,4100.0
1981,Yanomami (Venezuela),Venezuela (Bolivarian Republic of),4000.0,1,4000.0
1313,Baga Manduri,Guinea,4000.0,1,4000.0
1044,Botlikh,Russian Federation,4000.0,1,4000.0
1181,Bunan,India,4000.0,1,4000.0
749,Cashinahua (Peru),Peru,4000.0,1,4000.0
581,Cha'palaa,Ecuador,4000.0,1,4000.0
459,Evenki (Manchuria),China,4000.0,1,4000.0
523,Gazhuo,China,4000.0,1,4000.0
1047,Godoberi,Russian Federation,4000.0,1,4000.0
1932,Yanomám,Brazil,4000.0,1,4000.0
2174,Lishan Didan (Israel),Israel,4000.0,1,4000.0
2233,Maleng,Lao People's Democratic Republic,4000.0,1,4000.0
2312,Napu,Indonesia,4000.0,1,4000.0
2316,Rahambuu,Indonesia,4000.0,1,4000.0
1908,Yagua,Peru,4000.0,1,4000.0
1431,Sinkiang Dagur,China,4000.0,1,4000.0
1441,Taa,Botswana,4000.0,1,4000.0
13,Baga Sitemu,Guinea,4000.0,1,4000.0
54,Tennet,Sudan,4000.0,1,4000.0
1920,Wapishana (Brazil),Brazil,4000.0,1,4000.0
2404,Younuo Bunu,China,4000.0,1,4000.0
878,Acoma-Laguna,United States of America,4000.0,1,4000.0
717,Zenaga (Mauritania),Mauritania,4000.0,1,4000.0
1551,Baghati,India,3976.0,1,3976.0
1552,Bharmauri,India,3976.0,1,3976.0
1832,Uspantek,Guatemala,3971.0,1,3971.0
2196,Khang Quang Lam,Viet Nam,3921.0,1,3921.0
1323,Konni,Ghana,3800.0,1,3800.0
1727,Tocho,Sudan,3800.0,1,3800.0
976,Mixtec of the Puebla-Oaxaca border,Mexico,3791.0,1,3791.0
1158,Nupri,Nepal,3776.0,1,3776.0
1926,Ayoreo,Bolivia (Plurinational State of),3700.0,1,3700.0
543,Moyon,India,3700.0,1,3700.0
2415,Utsat,China,3700.0,1,3700.0
309,Puinave,"Colombia, Venezuela (Bolivarian Republic of)",7377.0,2,3688.5
85,Nayi,Ethiopia,3656.0,1,3656.0
2690,Mussau-Emira,Papua New Guinea,3651.0,1,3651.0
1737,Narim,Sudan,3623.0,1,3623.0
316,Tunebo,"Colombia, Venezuela (Bolivarian Republic of)",7231.0,2,3615.5
1834,Garífuna (Guatemala),Guatemala,3564.0,1,3564.0
1099,Nachiring,Nepal,3553.0,1,3553.0
1269,Eastern Popoloc,Mexico,3544.0,1,3544.0
1716,Nding,Sudan,3513.0,1,3513.0
883,Crow,United States of America,3500.0,1,3500.0
554,Sak (Myanmar),Myanmar,3500.0,1,3500.0
1720,Shwai,Sudan,3500.0,1,3500.0
578,Camsá,Colombia,3500.0,1,3500.0
2218,Anung (Myanmar),Myanmar,3500.0,1,3500.0
2576,Wano,Indonesia,3500.0,1,3500.0
2365,Northwestern Ojibwe,Canada,3465.0,1,3465.0
2339,Kosraean,"Micronesia (Federated States of), Nauru",6900.0,2,3450.0
1393,Bakpinka,Nigeria,3416.0,1,3416.0
1736,Morokodo,Sudan,3400.0,1,3400.0
1271,Eloxochitlán Mazatec,Mexico,3384.0,1,3384.0
1311,Menik,Senegal,3375.0,1,3375.0
1087,Miju,"China, India",6700.0,2,3350.0
1725,Tima,Sudan,3305.0,1,3305.0
1899,Teribe (Panama),Panama,3305.0,1,3305.0
1679,Mursi,Ethiopia,3278.0,1,3278.0
2315,Pendau,Indonesia,3200.0,1,3200.0
1285,Ayautla Mazatec,Mexico,3192.0,1,3192.0
1752,Yucatec,Belize,3155.0,1,3155.0
908,Sayultec,Mexico,3150.0,1,3150.0
2259,Taruang,"China, India, Myanmar",9332.0,3,3110.6666666666665
991,Eastern Tlapanec,Mexico,3088.0,1,3088.0
77,Hozo,Ethiopia,3000.0,1,3000.0
874,Jemez,United States of America,3000.0,1,3000.0
1322,Kamara,Ghana,3000.0,1,3000.0
2338,Kapingamarangi,Micronesia (Federated States of),3000.0,1,3000.0
2680,Koitabu,Papua New Guinea,3000.0,1,3000.0
533,Lai,China,3000.0,1,3000.0
1153,Limirong Tibetan,Nepal,3000.0,1,3000.0
2175,Lishanid Noshan (Israel),Israel,3000.0,1,3000.0
385,Lude,Russian Federation,3000.0,1,3000.0
1242,"Mohawk (Akwesasne, St. Regis)",United States of America,3000.0,1,3000.0
1950,Harsusi,Oman,3000.0,1,3000.0
1408,Kuk,Cameroon,3000.0,1,3000.0
1209,Geta?,India,3000.0,1,3000.0
1967,Panare,Venezuela (Bolivarian Republic of),3000.0,1,3000.0
326,Yukpa,Venezuela (Bolivarian Republic of),3000.0,1,3000.0
2620,Palu'e,Indonesia,3000.0,1,3000.0
242,Warlpiri,Australia,3000.0,1,3000.0
2587,Waima'a,Timor-Leste,3000.0,1,3000.0
2349,Ulithian,Micronesia (Federated States of),3000.0,1,3000.0
2209,U,China,3000.0,1,3000.0
1201,Takahanyilang,India,3000.0,1,3000.0
1428,Shira Yugur,China,3000.0,1,3000.0
1096,Sherdukpen,India,3000.0,1,3000.0
2626,Rotuman,Fiji,3000.0,1,3000.0
1312,Pukur,Guinea,3000.0,1,3000.0
2083,Pitjantjatjara,Australia,3000.0,1,3000.0
646,Pilagá,Argentina,3000.0,1,3000.0
1382,Gura,Nigeria,3000.0,1,3000.0
2276,Besoa,Indonesia,3000.0,1,3000.0
25,Fyem,Nigeria,3000.0,1,3000.0
99,Boni,Kenya,3000.0,1,3000.0
676,Eastern Khanty,Russian Federation,3000.0,1,3000.0
1010,Moklen,"Myanmar, Thailand",6000.0,2,3000.0
5,Awjila,Libyan Arab Jamahiriya,3000.0,1,3000.0
2274,Baleasang,Indonesia,3000.0,1,3000.0
1100,Sulung,"China, India",6000.0,2,3000.0
1664,Bonjo,Congo,3000.0,1,3000.0
76,Dahaalik,Eritrea,3000.0,1,3000.0
686,East Greenlandic,Greenland (Kingdom of Denmark),3000.0,1,3000.0
2484,Brokshat,India,3000.0,1,3000.0
1045,Budukh,Azerbaijan,3000.0,1,3000.0
2394,Western Montagnais,Canada,2980.0,1,2980.0
1699,Waiwai (Brazil),Brazil,2916.0,1,2916.0
285,"Akawaio (Guyana, Venezuela)","Guyana, Venezuela (Bolivarian Republic of)",5800.0,2,2900.0
1340,Jersey French,United Kingdom of Great Britain and Northern Ireland,2874.0,1,2874.0
963,Bahing,Nepal,2765.0,1,2765.0
2384,Stoney,Canada,2765.0,1,2765.0
1483,Southwestern Tepehuan,Mexico,2756.0,1,2756.0
487,Northern Mansi,Russian Federation,2746.0,1,2746.0
663,Wari,Brazil,2721.0,1,2721.0
2026,Yami,China,2700.0,1,2700.0
2407,Pakan,China,2700.0,1,2700.0
69,Ko,Sudan,2683.0,1,2683.0
667,Yuracaré,Bolivia (Plurinational State of),2675.0,1,2675.0
511,Aimol,India,2643.0,1,2643.0
1089,Kohi,Nepal,2641.0,1,2641.0
957,Chatino of the western lowlands,Mexico,2640.0,1,2640.0
127,Bolo,Angola,2627.0,1,2627.0
1714,Logol,Sudan,2600.0,1,2600.0
922,Pisaflores Tepehua,Mexico,2578.0,1,2578.0
1870,Xerente,Brazil,2569.0,1,2569.0
1903,Bribri (Panama),Panama,2521.0,1,2521.0
538,Laomian (China),China,2500.0,1,2500.0
745,Mayoruna (Peru),Peru,2500.0,1,2500.0
2223,Laomian (Myanmar),Myanmar,2500.0,1,2500.0
1691,Bai,Sudan,2500.0,1,2500.0
1054,Khinalug,Azerbaijan,2500.0,1,2500.0
1256,Lhokpu,Bhutan,2500.0,1,2500.0
1636,Gadang,Chad,2500.0,1,2500.0
2070,Martuwangka,Australia,2500.0,1,2500.0
2345,Pingelapese,Micronesia (Federated States of),2500.0,1,2500.0
1009,Urak Lawoi (Thailand),Thailand,2500.0,1,2500.0
711,Rapanui,Chile,2500.0,1,2500.0
1207,Remo,India,2500.0,1,2500.0
744,Culina (Peru),Peru,2500.0,1,2500.0
1477,Banka,Mali,2500.0,1,2500.0
1436,Roshorvi,Tajikistan,2500.0,1,2500.0
2293,Semelai,Malaysia,2500.0,1,2500.0
2287,Urak Lawoi (Malaysia),Malaysia,2500.0,1,2500.0
1641,Zirenkel,Chad,2500.0,1,2500.0
388,Megleno-Romanian,"Greece, The former Yugoslav Republic of Macedonia",5000.0,2,2500.0
983,Bokar,"China, India",5000.0,2,2500.0
50,Vumbu,Gabon,2460.0,1,2460.0
1823,Mopán (Guatemala),Guatemala,2455.0,1,2455.0
1172,Raji,Nepal,2413.0,1,2413.0
818,Highland Chontal,Mexico,2410.0,1,2410.0
2657,Bumbita Arapesh,Papua New Guinea,2353.0,1,2353.0
1439,Parya,"Uzbekistan, Tajikistan, Afghanistan",7000.0,3,2333.3333333333335
1739,Yulu,"Central African Republic, Democratic Republic of the Congo, Sudan",7000.0,3,2333.3333333333335
541,Mang (Viet Nam),Viet Nam,2300.0,1,2300.0
2194,Mang (China),China,2300.0,1,2300.0
308,Piapoko,"Colombia, Venezuela (Bolivarian Republic of)",4500.0,2,2250.0
923,Tlachichilco Tepehua,Mexico,2234.0,1,2234.0
1640,Jaya,Chad,2200.0,1,2200.0
1650,Kulfa,Chad,2200.0,1,2200.0
1244,Blackfoot (Canada),Canada,2200.0,1,2200.0
1758,Karipuna do Amapá,Brazil,2200.0,1,2200.0
2066,Krahô,Brazil,2184.0,1,2184.0
732,Yine,Peru,2150.0,1,2150.0
2285,Kristang,Malaysia,2150.0,1,2150.0
1372,North Alaskan Inupiaq (North Slope),United States of America,2144.0,1,2144.0
1373,Seward Peninsula Inupiaq (King Island),United States of America,2144.0,1,2144.0
1375,Seward Peninsula Inupiaq (Norton Sound),United States of America,2144.0,1,2144.0
1374,Seward Peninsula Inupiaq (Little Diomede Island),United States of America,2144.0,1,2144.0
762,North Alaskan Inupiaq (Kotzebue Sound),United States of America,2144.0,1,2144.0
1742,Gyele,"Cameroon, Equatorial Guinea",4280.0,2,2140.0
1744,Bwisi,"Congo, Gabon",4248.0,2,2124.0
564,Zaozou,China,2100.0,1,2100.0
233,Tiwi,Australia,2100.0,1,2100.0
1933,Katukína-Kanamarí,Brazil,2100.0,1,2100.0
1883,Ngäbere (Costa Rica),Costa Rica,2041.0,1,2041.0
2482,Wotapuri-Katarqalai,Afghanistan,2000.0,1,2000.0
2555,Momuna,Indonesia,2000.0,1,2000.0
2247,Nguon,Viet Nam,2000.0,1,2000.0
1851,Munji,Afghanistan,2000.0,1,2000.0
2412,Muda,China,2000.0,1,2000.0
545,Mpi,Thailand,2000.0,1,2000.0
632,Mocoví,Argentina,2000.0,1,2000.0
1362,Nihali,India,2000.0,1,2000.0
1192,Milang,India,2000.0,1,2000.0
1633,Mambai,Chad,2000.0,1,2000.0
1197,Luro,India,2000.0,1,2000.0
61,Logorik,Sudan,2000.0,1,2000.0
1573,Kota,India,2000.0,1,2000.0
484,Koryak,Russian Federation,2000.0,1,2000.0
2051,Koreguaje,Colombia,2000.0,1,2000.0
1390,Kona,Nigeria,2000.0,1,2000.0
597,Kari'ña (French Guyana),French Guiana (France),2000.0,1,2000.0
1033,Jero,Nepal,2000.0,1,2000.0
325,Nheengatu / Yeral (Venezuela),Venezuela (Bolivarian Republic of),2000.0,1,2000.0
2411,Sangkong,China,2000.0,1,2000.0
1123,Nyishangba,Nepal,2000.0,1,2000.0
1748,Tchitchege,Gabon,2000.0,1,2000.0
1426,Wutun,China,2000.0,1,2000.0
758,Waotededo,Ecuador,2000.0,1,2000.0
895,Waigali,Afghanistan,2000.0,1,2000.0
1836,Ushojo,Pakistan,2000.0,1,2000.0
733,Urarina,Peru,2000.0,1,2000.0
1662,Ukhwejo,Central African Republic,2000.0,1,2000.0
591,Tsafiki,Ecuador,2000.0,1,2000.0
561,Tanglang,China,2000.0,1,2000.0
1572,Prasun,Afghanistan,2000.0,1,2000.0
2,Tamazight (Arzew),Algeria,2000.0,1,2000.0
1222,Tai Phake,India,2000.0,1,2000.0
1468,Shoshoni (Wyoming),United States of America,2000.0,1,2000.0
861,Shoshoni (Idaho),United States of America,2000.0,1,2000.0
47,Sarwa,Chad,2000.0,1,2000.0
107,Ik,Uganda,2000.0,1,2000.0
2033,Rukai,China,2000.0,1,2000.0
1183,Jangshung,India,2000.0,1,2000.0
1469,Shoshoni (Nevada),United States of America,2000.0,1,2000.0
604,Huilliche,Chile,2000.0,1,2000.0
1214,Birhor,India,2000.0,1,2000.0
1127,Shingsaba,"China, Nepal",4000.0,2,2000.0
670,"Kari'ña (Guyana, Suriname)","Guyana, Suriname",4000.0,2,2000.0
1097,Aka,"India, Sudan",4000.0,2,2000.0
1225,Aiton,India,2000.0,1,2000.0
1339,Griko (Calabria),Italy,2000.0,1,2000.0
166,Anindilyakwa,Australia,2000.0,1,2000.0
1936,Apurinã,Brazil,2000.0,1,2000.0
168,Arrernte,Australia,2000.0,1,2000.0
281,Ashkun,Afghanistan,2000.0,1,2000.0
961,Athpahariya,Nepal,2000.0,1,2000.0
1905,Ava-Guaraní,Argentina,2000.0,1,2000.0
81,Bayso,Ethiopia,2000.0,1,2000.0
2167,Ata,Philippines,2000.0,1,2000.0
2277,Boano,Indonesia,2000.0,1,2000.0
1910,Damana,Colombia,2000.0,1,2000.0
1290,Ghadames,Libyan Arab Jamahiriya,2000.0,1,2000.0
2333,Gebe,Indonesia,2000.0,1,2000.0
1711,Galibi Marworno,Brazil,2000.0,1,2000.0
1388,Duguza,Nigeria,2000.0,1,2000.0
80,Gats'ama - Ganjule - Harro,Ethiopia,2000.0,1,2000.0
1798,Culina (Brazil),Brazil,2000.0,1,2000.0
1846,Chilisso,Pakistan,2000.0,1,2000.0
525,Chepya,Lao People's Democratic Republic,2000.0,1,2000.0
1767,Baníwa do Içana,"Brazil, Colombia, Venezuela (Bolivarian Republic of)",5811.0,3,1937.0
579,Candoshi,Peru,1900.0,1,1900.0
1771,Hupda (Brazil),Brazil,1900.0,1,1900.0
975,Mixtec of the central Ravine,Mexico,1878.0,1,1878.0
1654,Kendeje,Chad,1859.0,1,1859.0
1043,Hunzib,Russian Federation,1839.0,1,1839.0
1328,Tchumbuli,Benin,1838.0,1,1838.0
2292,Lanoh,Malaysia,1800.0,1,1800.0
2602,Nila (Seram Island),Indonesia,1800.0,1,1800.0
2310,Lemolang,Indonesia,1800.0,1,1800.0
2679,Grass Koiari,Papua New Guinea,1800.0,1,1800.0
747,Cashibo-Cacataibo,Peru,1800.0,1,1800.0
2437,Shixing,China,1800.0,1,1800.0
2536,Isirawa,Indonesia,1800.0,1,1800.0
1360,Chuj (Mexico),Mexico,1771.0,1,1771.0
1407,Kung,Cameroon,1750.0,1,1750.0
518,Pasing,Lao People's Democratic Republic,1732.0,1,1732.0
1110,Yamphu,Nepal,1722.0,1,1722.0
1946,Quechua of Yauyos,Peru,1700.0,1,1700.0
2178,Kumzari,Oman,1700.0,1,1700.0
765,Cheyenne (Montana),United States of America,1700.0,1,1700.0
2272,Andio,Indonesia,1700.0,1,1700.0
1467,Bainouk-Samik,Senegal,1685.0,1,1685.0
2239,Côông,Viet Nam,1676.0,1,1676.0
268,Dogrib,Canada,1675.0,1,1675.0
2220,Akeu,"Lao People's Democratic Republic, Myanmar, Thailand",5000.0,3,1666.6666666666667
840,Upland Yuman,United States of America,1650.0,1,1650.0
1018,Eastern Cuicatec,Mexico,1641.0,1,1641.0
2059,Tamazight (Ait Rouadi),Morocco,1637.0,1,1637.0
2348,Woleaian,Micronesia (Federated States of),1631.0,1,1631.0
921,Huehuetla Tepehua,Mexico,1603.0,1,1603.0
877,Tewa (New Mexico),United States of America,1600.0,1,1600.0
1540,Tewa (Arizona),United States of America,1600.0,1,1600.0
1538,Southern Tiwa (Sandia Pueblo),United States of America,1600.0,1,1600.0
1539,Southern Tiwa (Isleta Pueblo),United States of America,1600.0,1,1600.0
1630,Kadiwéu,Brazil,1600.0,1,1600.0
1377,ǁGana,Botswana,1550.0,1,1550.0
1761,Akwáwa,Brazil,1548.0,1,1548.0
1052,Juhur (Caucasus),"Azerbaijan, Russian Federation",3016.0,2,1508.0
1017,Northern Cuicatec,Mexico,1503.0,1,1503.0
1284,Chiquihuitlán Mazatec,Mexico,1502.0,1,1502.0
2403,Numao Bunu,China,1500.0,1,1500.0
1848,Bashkarik,Pakistan,1500.0,1,1500.0
2282,Orang Seletar,Malaysia,1500.0,1,1500.0
90,K'emant,Ethiopia,1500.0,1,1500.0
1645,Jonkor Bourmataguil,Chad,1500.0,1,1500.0
1812,Mayoruna (Brazil),Brazil,1500.0,1,1500.0
1226,Lishpa,India,1500.0,1,1500.0
2032,Pyuma,China,1500.0,1,1500.0
1412,Kendem,Cameroon,1500.0,1,1500.0
1518,Karelian (Tikhvin),Russian Federation,1500.0,1,1500.0
1955,Apinajé,Brazil,1500.0,1,1500.0
434,Chintang,Nepal,1500.0,1,1500.0
473,Forest Nenets,Russian Federation,1500.0,1,1500.0
1869,Karajá,Brazil,1500.0,1,1500.0
2000,Hupda (Colombia),Colombia,1500.0,1,1500.0
1184,Kanashi,India,1500.0,1,1500.0
2291,Jah Hut,Malaysia,1500.0,1,1500.0
15,Jeri,Côte d'Ivoire,1500.0,1,1500.0
786,Mescalero-Chiricahua Apache (New Mexico),United States of America,1500.0,1,1500.0
1909,Palenque Creole,Colombia,1500.0,1,1500.0
2257,Pong,Lao People's Democratic Republic,1500.0,1,1500.0
1722,Talodi,Sudan,1500.0,1,1500.0
2317,Saluan,Indonesia,1500.0,1,1500.0
2295,Semaq Beri,Malaysia,1500.0,1,1500.0
215,Wik Mungkan,Australia,1500.0,1,1500.0
2039,Saaroa,China,1500.0,1,1500.0
1743,Benga,"Gabon, Equatorial Guinea",3000.0,2,1500.0
304,Wayana (Suriname),Suriname,1500.0,1,1500.0
1907,"Mbya Guarani (Argentina, Uruguay)","Argentina, Uruguay",3000.0,2,1500.0
489,Nanay,"China, Russian Federation",3000.0,2,1500.0
1837,Savi,"Pakistan, Afghanistan",3000.0,2,1500.0
2355,Natsilingmiutut,Canada,1455.0,1,1455.0
635,Movima,Bolivia (Plurinational State of),1452.0,1,1452.0
1661,Ngombe,Central African Republic,1450.0,1,1450.0
589,Cinta Larga,Brazil,1440.0,1,1440.0
1724,Tese,Sudan,1400.0,1,1400.0
2234,Dupaninan Agta,Philippines,1400.0,1,1400.0
1805,Bororo,Brazil,1390.0,1,1390.0
517,Bisu,"Myanmar, Thailand",2740.0,2,1370.0
2346,Puluwat,Micronesia (Federated States of),1364.0,1,1364.0
1757,Kanela Rankokamekra,Brazil,1337.0,1,1337.0
1646,Saba,Chad,1335.0,1,1335.0
1807,Kurripako (Brazil),Brazil,1332.0,1,1332.0
2253,Triw,Lao People's Democratic Republic,1328.0,1,1328.0
1341,Guernsey French,United Kingdom of Great Britain and Northern Ireland,1327.0,1,1327.0
2344,Paafang,Micronesia (Federated States of),1318.0,1,1318.0
442,Chɨlɨng,Nepal,1314.0,1,1314.0
947,Zapotec of the Valleys north,Mexico,1303.0,1,1303.0
1287,Tecóatl Mazatec,Mexico,1300.0,1,1300.0
559,Sila,"Lao People's Democratic Republic, Viet Nam",2600.0,2,1300.0
1196,Sanenyo,India,1300.0,1,1300.0
343,Cypriot Arabic,Cyprus,1300.0,1,1300.0
2067,Palikur (Brazil),Brazil,1300.0,1,1300.0
1833,Xinka,Guatemala,1283.0,1,1283.0
920,Ozomatlán Totonac,Mexico,1276.0,1,1276.0
1126,Kāgate,Nepal,1273.0,1,1273.0
628,Maxakali,Brazil,1271.0,1,1271.0
2688,Murik,Papua New Guinea,1256.0,1,1256.0
1580,Pengo,India,1254.0,1,1254.0
1809,Marúbo,Brazil,1252.0,1,1252.0
1440,Sanglechi,"Tajikistan, Afghanistan",2500.0,2,1250.0
566,Achuar,"Ecuador, Peru",2500.0,2,1250.0
1968,Aivilingmiutut,Canada,1245.0,1,1245.0
1634,Besme,Chad,1228.0,1,1228.0
299,Cuiba,"Colombia, Venezuela (Bolivarian Republic of)",2445.0,2,1222.5
2605,Oirata,Indonesia,1221.0,1,1221.0
1093,Lohorung,Nepal,1207.0,1,1207.0
1709,Harakmbut,Peru,1206.0,1,1206.0
1749,Yasa,"Cameroon, Equatorial Guinea",2401.0,2,1200.5
2420,White Gelao (China),China,1200.0,1,1200.0
2614,Ujir,Indonesia,1200.0,1,1200.0
2034,Tsou,China,1200.0,1,1200.0
2613,Te'un (Seram Island),Indonesia,1200.0,1,1200.0
2289,Mah Meri,Malaysia,1200.0,1,1200.0
2279,Dakka,Indonesia,1200.0,1,1200.0
2416,Buyang,China,1200.0,1,1200.0
2252,Dakkang,Lao People's Democratic Republic,1198.0,1,1198.0
2359,Northern Algonquin,Canada,1180.0,1,1180.0
1923,Akawaio (Brazil),Brazil,1170.0,1,1170.0
1272,Huehuetlán Mazatec,Mexico,1169.0,1,1169.0
1697,Trio (Brazil),Brazil,1156.0,1,1156.0
2636,Savo,Solomon Islands,1147.0,1,1147.0
1830,Tektitek,Guatemala,1144.0,1,1144.0
2493,Fwâi,New Caledonia (France),1131.0,1,1131.0
1855,Waimirí-Atroarí,Brazil,1120.0,1,1120.0
1913,Guayabero,Colombia,1118.0,1,1118.0
2503,Fagauvea (Southern),New Caledonia (France),1107.0,1,1107.0
2502,Fagauvea (Northern),New Caledonia (France),1107.0,1,1107.0
1642,Ubi,Chad,1100.0,1,1100.0
1649,Fania,Chad,1100.0,1,1100.0
1731,Warnang,Sudan,1100.0,1,1100.0
1788,Itzá,Guatemala,1094.0,1,1094.0
974,Mixtec of the southwest of Puebla,Mexico,1074.0,1,1074.0
924,Lowland Chontal,Mexico,1060.0,1,1060.0
530,Koireng,India,1056.0,1,1056.0
584,Chipaya,Bolivia (Plurinational State of),1050.0,1,1050.0
2340,Mokilese,Micronesia (Federated States of),1050.0,1,1050.0
1499,Western Náhuatl,Mexico,1041.0,1,1041.0
1270,Acatepec Mazatec,Mexico,1038.0,1,1038.0
973,Mixtec of Villa de Tututepec,Mexico,1019.0,1,1019.0
1575,Toda,India,1006.0,1,1006.0
1511,Mòcheno,Italy,1000.0,1,1000.0
1195,Mech,India,1000.0,1,1000.0
48,Mbara,Chad,1000.0,1,1000.0
456,Manchurian Ölöt,China,1000.0,1,1000.0
1746,Mahongwe,Gabon,1000.0,1,1000.0
2681,Kuot,Papua New Guinea,1000.0,1,1000.0
2081,Kukatja,Australia,1000.0,1,1000.0
1656,Kujarge,Chad,1000.0,1,1000.0
2306,Kodeoha,Indonesia,1000.0,1,1000.0
2323,Tombelala,Indonesia,1000.0,1,1000.0
143,North Greenlandic,Greenland (Kingdom of Denmark),1000.0,1,1000.0
1098,Khowa,India,1000.0,1,1000.0
1235,Kayabi,Brazil,1000.0,1,1000.0
112,Kari,Democratic Republic of the Congo,1000.0,1,1000.0
2585,Kairui-Midiki,Timor-Leste,1000.0,1,1000.0
528,Kadu,Myanmar,1000.0,1,1000.0
2226,Kaco',Cambodia,1000.0,1,1000.0
49,Kaande,Gabon,1000.0,1,1000.0
1496,Jiongnai Bunu,China,1000.0,1,1000.0
1410,Iyive,Cameroon,1000.0,1,1000.0
2586,Naueti,Timor-Leste,1000.0,1,1000.0
1348,Resian,Italy,1000.0,1,1000.0
1622,Paiter,Brazil,1000.0,1,1000.0
1049,Inkhokvari,Russian Federation,1000.0,1,1000.0
315,Trio (Suriname),Suriname,1000.0,1,1000.0
2258,Tum,Lao People's Democratic Republic,1000.0,1,1000.0
1414,Tuotomb,Cameroon,1000.0,1,1000.0
596,Yatê,Brazil,1000.0,1,1000.0
84,Zay,Ethiopia,1000.0,1,1000.0
2190,Zenaga (Western Sahara),Western Sahara,1000.0,1,1000.0
1376,|Gui,Botswana,1000.0,1,1000.0
1396,ǁAni,Botswana,1000.0,1,1000.0
1740,Tirma,Sudan,1000.0,1,1000.0
1814,Pareci,Brazil,1000.0,1,1000.0
2566,Sobei,Indonesia,1000.0,1,1000.0
1747,Sighu,Gabon,1000.0,1,1000.0
1498,Shumashti,Afghanistan,1000.0,1,1000.0
2405,She,China,1000.0,1,1000.0
346,Saterlandic,Germany,1000.0,1,1000.0
1745,Sake,Gabon,1000.0,1,1000.0
448,Toto,India,1000.0,1,1000.0
987,Pasi,India,1000.0,1,1000.0
1437,Ishkashimi,Tajikistan,1000.0,1,1000.0
2590,Gorap,Indonesia,1000.0,1,1000.0
1698,Dair,Sudan,1000.0,1,1000.0
2616,Dampelas,Indonesia,1000.0,1,1000.0
590,Cocama-Cocamilla (Peru),Peru,1000.0,1,1000.0
1536,Cherokee (North Carolina),United States of America,1000.0,1,1000.0
1249,Chali,Bhutan,1000.0,1,1000.0
482,Central Siberian Yupik (St. Lawrence Island),United States of America,1000.0,1,1000.0
95,Bong'om,Kenya,1000.0,1,1000.0
1194,Tinan,"China, India",2000.0,2,1000.0
2441,Bola,China,1000.0,1,1000.0
1031,Hualapai,United States of America,1000.0,1,1000.0
1453,Blackfoot (United States of America),United States of America,1000.0,1,1000.0
113,Beeke,Democratic Republic of the Congo,1000.0,1,1000.0
1455,Arapaho (Wyoming),United States of America,1000.0,1,1000.0
463,Alutor,Russian Federation,1000.0,1,1000.0
311,Sáliba,"Colombia, Venezuela (Bolivarian Republic of)",2000.0,2,1000.0
2580,Adabe,Timor-Leste,1000.0,1,1000.0
984,Bori,"China, India",2000.0,2,1000.0
1532,Ottawa (Walpole Island),"Canada, United States of America",2000.0,2,1000.0
386,Lule Saami,"Norway, Sweden",2000.0,2,1000.0
1254,Gongduk,Bhutan,1000.0,1,1000.0
184,Guugu Yimidhirr,Australia,1000.0,1,1000.0
521,Danaw,Myanmar,1000.0,1,1000.0
1320,Ega,Côte d'Ivoire,1000.0,1,1000.0
2207,Hu,China,1000.0,1,1000.0
1984,Hértevin,Turkey,1000.0,1,1000.0
75,El Hugeirat,Sudan,1000.0,1,1000.0
712,Hawaiian,United States of America,1000.0,1,1000.0
2630,Faghani,Solomon Islands,1000.0,1,1000.0
1657,Fongoro,Chad,1000.0,1,1000.0
773,Gambiri,Afghanistan,1000.0,1,1000.0
2584,Habu,Timor-Leste,1000.0,1,1000.0
1383,Gyem,Nigeria,1000.0,1,1000.0
1900,Buglé,Panama,993.0,1,993.0
1706,Ka'apór,Brazil,991.0,1,991.0
114,Hadza,United Republic of Tanzania,975.0,1,975.0
186,Kunwinjku,Australia,974.0,1,974.0
1781,Bakairi,Brazil,950.0,1,950.0
2501,Drubea,New Caledonia (France),946.0,1,946.0
2342,Namonuito,Micronesia (Federated States of),944.0,1,944.0
602,Machineri (Brazil),Brazil,937.0,1,937.0
2381,South Slavey,Canada,920.0,1,920.0
1707,Wajãpi,Brazil,905.0,1,905.0
1095,Mewahang,Nepal,904.0,1,904.0
1865,Pech,Honduras,900.0,1,900.0
1741,Njalgulgule,Sudan,900.0,1,900.0
1819,Rikbaktsa,Brazil,900.0,1,900.0
1419,Kua,Botswana,900.0,1,900.0
290,Chimila,Colombia,900.0,1,900.0
1261,Awapit,Ecuador,900.0,1,900.0
2490,Caac,New Caledonia (France),890.0,1,890.0
254,Inuinnaqtun,Canada,890.0,1,890.0
435,Darma,"India, Nepal",1761.0,2,880.5
2496,Voh-Koné dialects,New Caledonia (France),878.0,1,878.0
2353,Kuna (Colombia),Colombia,876.0,1,876.0
302,Lokono (Guyana),"Guyana, Venezuela (Bolivarian Republic of)",1750.0,2,875.0
1764,Dení,Brazil,875.0,1,875.0
562,Tarao,India,870.0,1,870.0
433,Byangsi,"India, Nepal",1734.0,2,867.0
146,Santa María del Mar Huave,Mexico,862.0,1,862.0
2343,Nukuoro,Micronesia (Federated States of),860.0,1,860.0
972,Mixtec of Santa Cruz Itundujia,Mexico,851.0,1,851.0
953,"Zapotec of the Southern mountains, northeast",Mexico,849.0,1,849.0
2489,Kumak,New Caledonia (France),847.0,1,847.0
710,Pukapukan,Cook Islands,840.0,1,840.0
2598,Lola,Indonesia,830.0,1,830.0
1785,Ashaninka (Brazil),Brazil,813.0,1,813.0
33,Bati,Cameroon,800.0,1,800.0
1411,Eman,Cameroon,800.0,1,800.0
34,Isu,Cameroon,800.0,1,800.0
1772,Jamamadí,Brazil,800.0,1,800.0
2708,Taulil,Papua New Guinea,800.0,1,800.0
1416,Nubaca,Cameroon,800.0,1,800.0
2314,Panasuan,Indonesia,800.0,1,800.0
2055,Piaroa (Colombia),Colombia,800.0,1,800.0
875,Taos,United States of America,800.0,1,800.0
1941,Javaé,Brazil,800.0,1,800.0
1854,Tuyuca (Brazil),Brazil,800.0,1,800.0
1124,Kaike,Nepal,794.0,1,794.0
372,Kildin Saami,Russian Federation,787.0,1,787.0
2214,Central Cagayan Agta,Philippines,779.0,1,779.0
971,Mixtec of Santa Inés de Zaragoza,Mexico,775.0,1,775.0
1282,Ocopetatillo Mazatec,Mexico,757.0,1,757.0
1221,Khamba,"China, India",1500.0,2,750.0
1989,Waiwai (Suriname),Suriname,750.0,1,750.0
607,Jaqaru,Peru,750.0,1,750.0
1639,Laal,Chad,749.0,1,749.0
506,Ulcha,Russian Federation,732.0,1,732.0
2491,Jawe,New Caledonia (France),729.0,1,729.0
620,Nambiquara do Sul,Brazil,721.0,1,721.0
2358,North Slavey,Canada,720.0,1,720.0
266,Gitksan,Canada,710.0,1,710.0
2625,Ngatikese Men's Creole,Micronesia (Federated States of),700.0,1,700.0
2078,Ngaanyatjarra,Australia,700.0,1,700.0
2406,Mok (China),China,700.0,1,700.0
2514,Lakon,Vanuatu,700.0,1,700.0
193,Kalaw Lagaw Ya,Australia,700.0,1,700.0
1703,Indri,Sudan,700.0,1,700.0
1845,Piratapuya (Brazil),Brazil,700.0,1,700.0
2269,Enggano,Indonesia,700.0,1,700.0
2288,Batek,Malaysia,700.0,1,700.0
18,Animere,Ghana,700.0,1,700.0
1835,A'ingae / Cofan (Ecuador),Ecuador,700.0,1,700.0
1488,Mountain Guarijío,Mexico,696.0,1,696.0
496,Nivkh (Sakhalin),Russian Federation,688.0,1,688.0
1759,Krikati,Brazil,682.0,1,682.0
273,Dakota,Canada,675.0,1,675.0
675,Khamnigan Mongol,"China, Mongolia, Russian Federation",2000.0,3,666.6666666666666
1241,Carrier,Canada,660.0,1,660.0
936,Matlatzinca,Mexico,651.0,1,651.0
1856,Wanano / Kotiria (Brazil),Brazil,650.0,1,650.0
1308,Kasanga,Guinea-Bissau,650.0,1,650.0
1266,Central Popoloc,Mexico,641.0,1,641.0
2364,Eastern Ojibwe,Canada,620.0,1,620.0
1858,Yuhup (Brazil),Brazil,617.0,1,617.0
1487,River Guarijío,Mexico,617.0,1,617.0
933,Ocoyoacac Otomí,Mexico,609.0,1,609.0
351,Faetar,Italy,600.0,1,600.0
1668,Hixkaryána,Brazil,600.0,1,600.0
1912,Yaminahua (Brazil),Brazil,600.0,1,600.0
897,Chickasaw,United States of America,600.0,1,600.0
297,Hodi,Venezuela (Bolivarian Republic of),600.0,1,600.0
753,Iñapari,Peru,600.0,1,600.0
1648,Koke,Chad,600.0,1,600.0
2545,Kowiai,Indonesia,600.0,1,600.0
1236,Kuikuro,Brazil,600.0,1,600.0
2308,Laiyolo,Indonesia,600.0,1,600.0
1734,Mo'da,Sudan,600.0,1,600.0
497,Northern Selkup,Russian Federation,600.0,1,600.0
2623,Penrhyn,Cook Islands,600.0,1,600.0
2082,Pintupi,Australia,600.0,1,600.0
2010,Piratapuya (Colombia),Colombia,600.0,1,600.0
757,Siona / Secoya (Ecuador),Ecuador,600.0,1,600.0
716,Sonsorol,Palau,600.0,1,600.0
2627,Teanu,Solomon Islands,600.0,1,600.0
1628,Desano (Brazil),Brazil,600.0,1,600.0
2633,Hoava,Solomon Islands,600.0,1,600.0
1418,Bubia,Cameroon,600.0,1,600.0
2628,Blablanga,Solomon Islands,600.0,1,600.0
568,Andoke,Colombia,597.0,1,597.0
980,Southern Tlapanec,Mexico,592.0,1,592.0
2497,Orowe,New Caledonia (France),587.0,1,587.0
633,Mosetén,Bolivia (Plurinational State of),585.0,1,585.0
715,Norfolk-Pitcairn (Norfolk),Norfolk Island (Australia),580.0,1,580.0
2251,Chatong,Lao People's Democratic Republic,580.0,1,580.0
2361,Nunatsiavummiutut,Canada,575.0,1,575.0
2379,Shuswap,Canada,570.0,1,570.0
2500,Xaragure,New Caledonia (France),566.0,1,566.0
1872,Tapirapé,Brazil,564.0,1,564.0
1355,Lacandón,Mexico,563.0,1,563.0
952,Zapotec of Zimatlán de Álvarez,Mexico,562.0,1,562.0
800,Chilcotin,Canada,560.0,1,560.0
1660,Geme,Central African Republic,550.0,1,550.0
2678,Karore,Papua New Guinea,550.0,1,550.0
1952,Chácobo,Bolivia (Plurinational State of),550.0,1,550.0
2001,Yuhup (Colombia),Colombia,550.0,1,550.0
2631,Gao,Solomon Islands,550.0,1,550.0
982,Western Tlapanec,Mexico,549.0,1,549.0
1048,Hinukh,Russian Federation,548.0,1,548.0
2656,Anuki,Papua New Guinea,542.0,1,542.0
1294,Imeraguen,Mauritania,534.0,1,534.0
1122,Narpa,Nepal,533.0,1,533.0
1357,Akatek (Mexico),Mexico,532.0,1,532.0
2354,Naskapi,Canada,525.0,1,525.0
1038,Archi,Russian Federation,524.0,1,524.0
647,Yawanawá,Brazil,519.0,1,519.0
1175,Raute,Nepal,518.0,1,518.0
1080,Seri,Mexico,518.0,1,518.0
1267,Western Popoloc,Mexico,516.0,1,516.0
872,Yaqui (United States of America),United States of America,510.0,1,510.0
1451,Kalapalo,Brazil,506.0,1,506.0
491,Nganasan,Russian Federation,505.0,1,505.0
2719,Jakaltek (Mexico),Mexico,504.0,1,504.0
951,Zapotec of San Antonino el Alto,Mexico,504.0,1,504.0
550,Purum,India,503.0,1,503.0
2242,Laghuu,Viet Nam,500.0,1,500.0
2206,Khmin,China,500.0,1,500.0
1050,Khvarshi,Russian Federation,500.0,1,500.0
1472,"Ute (Colorado, Ute Mountain)",United States of America,500.0,1,500.0
772,Maliseet-Passamaquoddy,United States of America,500.0,1,500.0
532,Laha (Lao Cai),Viet Nam,500.0,1,500.0
2197,Laha (Son La),Viet Nam,500.0,1,500.0
2682,Laxudumau,Papua New Guinea,500.0,1,500.0
1394,Majera,Cameroon,500.0,1,500.0
1404,Langa,Cameroon,500.0,1,500.0
1543,Mikasuki,United States of America,500.0,1,500.0
1292,Tunisian Judeo-Arabic (Tunisia),Tunisia,500.0,1,500.0
1163,Seke,Nepal,500.0,1,500.0
1866,Tawahka,Honduras,500.0,1,500.0
1644,Tamki,Chad,500.0,1,500.0
2319,Taloki,Indonesia,500.0,1,500.0
2567,Taikat,Indonesia,500.0,1,500.0
1890,Ulwa,Nicaragua,500.0,1,500.0
2056,Siona / Secoya (Colombia),Colombia,500.0,1,500.0
2449,Samatu,China,500.0,1,500.0
1299,Mlomp,Senegal,500.0,1,500.0
996,Quechua of Chachapoyas,Peru,500.0,1,500.0
1918,Pemon (Brazil),Brazil,500.0,1,500.0
306,Palikur (French Guyana),French Guiana (France),500.0,1,500.0
2561,Ormu,Indonesia,500.0,1,500.0
2560,Onin,Indonesia,500.0,1,500.0
1032,Havasupai,United States of America,500.0,1,500.0
1007,Kensiw (Thailand),Thailand,500.0,1,500.0
1003,Thavung (Thailand),Thailand,500.0,1,500.0
522,Ganan,Myanmar,500.0,1,500.0
237,Walmajarri,Australia,500.0,1,500.0
563,Thavung (Laos),"Lao People's Democratic Republic, Thailand",1000.0,2,500.0
553,Sach,"Lao People's Democratic Republic, Viet Nam",1000.0,2,500.0
2262,Ormuri,"Pakistan, Afghanistan",1000.0,2,500.0
542,May,"Lao People's Democratic Republic, Viet Nam",1000.0,2,500.0
684,Lokono (Suriname),"French Guiana (France), Suriname",1000.0,2,500.0
526,Hung,"Lao People's Democratic Republic, Viet Nam",1000.0,2,500.0
1251,Dakpa,"Bhutan, India",1000.0,2,500.0
736,Bora,"Colombia, Peru",1000.0,2,500.0
1612,Bohtan Neo-Aramaic,"Georgia, Russian Federation",1000.0,2,500.0
43,Domaaki,Pakistan,500.0,1,500.0
321,Warekena (Venezuela),Venezuela (Bolivarian Republic of),500.0,1,500.0
2619,Toratán,Indonesia,500.0,1,500.0
546,Aheu,Lao People's Democratic Republic,500.0,1,500.0
752,Amahuaca,Peru,500.0,1,500.0
86,Anfillo,Ethiopia,500.0,1,500.0
1514,Arbanasi,Croatia,500.0,1,500.0
681,Baniva,Venezuela (Bolivarian Republic of),500.0,1,500.0
2169,Bataan Ayta,Philippines,500.0,1,500.0
1041,Bats,Georgia,500.0,1,500.0
965,Black Mountain,Bhutan,500.0,1,500.0
2615,Busoa,Indonesia,500.0,1,500.0
2260,Zaiwa,"China, India",1000.0,2,500.0
2322,Tomadino,Indonesia,500.0,1,500.0
1937,Pukobyê,Brazil,494.0,1,494.0
2255,Swoeng,Lao People's Democratic Republic,492.0,1,492.0
1730,Wali,Sudan,487.0,1,487.0
1667,Gavião do Pará,Brazil,476.0,1,476.0
1395,Hya,"Cameroon, Nigeria",940.0,2,470.0
1915,Ninam (Brazil),Brazil,466.0,1,466.0
1626,Zoró,Brazil,464.0,1,464.0
1917,Sanema (Brazil),Brazil,462.0,1,462.0
935,Ixtenco Otomí,Mexico,461.0,1,461.0
1533,Ottawa (Michigan),United States of America,459.0,1,459.0
2347,Satawal,Micronesia (Federated States of),458.0,1,458.0
1756,Kanela Apaniekra,Brazil,458.0,1,458.0
956,Chatino of Zacatepec,Mexico,453.0,1,453.0
82,Shabo,Ethiopia,450.0,1,450.0
2527,Demisa,Indonesia,450.0,1,450.0
730,Nanti,Peru,450.0,1,450.0
1544,Koasati (Texas),United States of America,450.0,1,450.0
750,Sharanahua,Peru,450.0,1,450.0
653,Siona  Secoya (Peru),Peru,450.0,1,450.0
2653,Tolomako,Vanuatu,450.0,1,450.0
899,Koasati (Louisiana),United States of America,450.0,1,450.0
1820,Enawenê-Nawê,Brazil,445.0,1,445.0
1029,Valle Nacional Chinantec,Mexico,442.0,1,442.0
598,Gavião de Rondônia,Brazil,436.0,1,436.0
1500,Tabasco Náhuatl,Mexico,434.0,1,434.0
2703,Sera,Papua New Guinea,432.0,1,432.0
1921,Yecuana (Brazil),Brazil,430.0,1,430.0
1331,Alabugat Tatar,Russian Federation,422.0,1,422.0
950,"Zapotec of the Southern mountains, eastern lowlands",Mexico,420.0,1,420.0
931,Western Otomí,Mexico,415.0,1,415.0
2370,Ottawa (Canada),"Canada, United States of America",810.0,2,405.0
937,Tlahuica,Mexico,405.0,1,405.0
282,Moose Cree,Canada,405.0,1,405.0
616,Katukina do Acre,Brazil,404.0,1,404.0
293,Émérillon,French Guiana (France),400.0,1,400.0
2701,Sengseng,Papua New Guinea,400.0,1,400.0
1415,Hijuk,Cameroon,400.0,1,400.0
2419,Red Gelao (China),China,400.0,1,400.0
359,Inari Saami,Finland,400.0,1,400.0
363,Istriot,Croatia,400.0,1,400.0
1510,Kamaiurá,Brazil,400.0,1,400.0
449,Dagur (Amur),China,400.0,1,400.0
2305,Kalao,Indonesia,400.0,1,400.0
705,Rapa,French Polynesia (France),400.0,1,400.0
1200,Lamongse,India,400.0,1,400.0
2307,Koroni,Indonesia,400.0,1,400.0
873,Kiowa,United States of America,400.0,1,400.0
1528,Kickapoo (Texas),United States of America,400.0,1,400.0
1527,Kickapoo (Oklahoma),United States of America,400.0,1,400.0
769,Kickapoo (Kansas),United States of America,400.0,1,400.0
101,Dahalo,Kenya,400.0,1,400.0
1392,Ndunda,Nigeria,400.0,1,400.0
1914,Sirionó,Bolivia (Plurinational State of),400.0,1,400.0
2264,Abai Sungai,Malaysia,400.0,1,400.0
588,Manjui,"Argentina, Bolivia (Plurinational State of), Paraguay",1200.0,3,400.0
1906,Chorote Iyojwa'ja,"Argentina, Paraguay",800.0,2,400.0
1345,Cimbrian,Italy,400.0,1,400.0
549,Pupeo,China,400.0,1,400.0
2320,Talondo,Indonesia,400.0,1,400.0
1999,Barasana (Colombia),Colombia,400.0,1,400.0
1403,Beezen,Cameroon,400.0,1,400.0
66,Buga,Sudan,400.0,1,400.0
1456,Cheyenne (Oklahoma),United States of America,400.0,1,400.0
859,Northern Paiute (Nevada),United States of America,400.0,1,400.0
969,Mixtec of Zapotitlán,Mexico,396.0,1,396.0
1977,Sanema (Venezuela),Venezuela (Bolivarian Republic of),393.0,1,393.0
740,Ese eja,"Bolivia (Plurinational State of), Peru",782.0,2,391.0
1409,Ts'ixa,Botswana,390.0,1,390.0
1843,Pirahã,Brazil,389.0,1,389.0
968,Mixtec of San Pedro Tidaá,Mexico,384.0,1,384.0
2423,Yerong,China,380.0,1,380.0
1882,A'ingae / Cofan (Colombia),Colombia,379.0,1,379.0
1237,Yudja,Brazil,362.0,1,362.0
46,Maslam,"Cameroon, Chad",723.0,2,361.5
1238,Kisêdjê,Brazil,351.0,1,351.0
1868,Myky,Brazil,350.0,1,350.0
2488,Auye,Indonesia,350.0,1,350.0
1849,Tenharim,Brazil,350.0,1,350.0
2318,Taje,Indonesia,350.0,1,350.0
1839,Nadëb,Brazil,350.0,1,350.0
2643,Labo,Vanuatu,350.0,1,350.0
2533,Fayu,Indonesia,350.0,1,350.0
2640,Bierebo,Vanuatu,350.0,1,350.0
2519,Awyi,Indonesia,350.0,1,350.0
303,Mako,Venezuela (Bolivarian Republic of),345.0,1,345.0
430,Barām,Nepal,342.0,1,342.0
1239,Ikpeng,Brazil,342.0,1,342.0
357,Gardiol,Italy,340.0,1,340.0
1760,Araweté,Brazil,339.0,1,339.0
926,Northern Pame,Mexico,337.0,1,337.0
2388,Thompson,Canada,335.0,1,335.0
2611,Serili,Indonesia,328.0,1,328.0
2676,Kaningara,Papua New Guinea,327.0,1,327.0
2492,Nemi,New Caledonia (France),325.0,1,325.0
914,Misantla Totonac,Mexico,325.0,1,325.0
1621,Nambiquara do Norte,Brazil,323.0,1,323.0
1810,Matís,Brazil,322.0,1,322.0
1240,Wauja,Brazil,321.0,1,321.0
614,Karitiana,Brazil,320.0,1,320.0
2330,Benggoi,Indonesia,320.0,1,320.0
761,Apalai,Brazil,317.0,1,317.0
910,Southern Zoque,Mexico,312.0,1,312.0
446,Tilung,Nepal,310.0,1,310.0
1682,Opuuo,Ethiopia,307.0,1,307.0
642,Panará,Brazil,306.0,1,306.0
2193,Maniq,Thailand,300.0,1,300.0
1421,Kangjia,China,300.0,1,300.0
1618,Kaxarari,Brazil,300.0,1,300.0
2546,Kwansu,Indonesia,300.0,1,300.0
2548,Legenyem,Indonesia,300.0,1,300.0
324,Yawarana,Venezuela (Bolivarian Republic of),300.0,1,300.0
706,Mangareva,French Polynesia (France),300.0,1,300.0
2325,Waru,Indonesia,300.0,1,300.0
1397,Mono,Cameroon,300.0,1,300.0
787,Jicarilla Apache,United States of America,300.0,1,300.0
1466,Northern Paiute (Oregon),United States of America,300.0,1,300.0
2570,Tause,Indonesia,300.0,1,300.0
2256,Phong,Lao People's Democratic Republic,300.0,1,300.0
1632,Shanenawa,Brazil,300.0,1,300.0
2699,Sissano,Papua New Guinea,300.0,1,300.0
2700,Warapu,Papua New Guinea,300.0,1,300.0
1471,Ute (Utah),United States of America,300.0,1,300.0
313,Tuahka,Nicaragua,300.0,1,300.0
417,Tsakonian,Greece,300.0,1,300.0
2569,Tarpia,Indonesia,300.0,1,300.0
1863,Tol,Honduras,300.0,1,300.0
278,Tlingit (United States of America),United States of America,300.0,1,300.0
2080,Thaayorre,Australia,300.0,1,300.0
2674,Kandas,Papua New Guinea,300.0,1,300.0
2509,Vera'a,Vanuatu,300.0,1,300.0
364,Istro-Romanian,Croatia,300.0,1,300.0
2088,Bathari,Oman,300.0,1,300.0
1402,Akum,"Cameroon, Nigeria",600.0,2,300.0
187,Gupapuyngu,Australia,300.0,1,300.0
2712,Yimas,Papua New Guinea,300.0,1,300.0
1690,Aka,India,300.0,1,300.0
1417,Bakole,Cameroon,300.0,1,300.0
1593,Vedda,Sri Lanka,300.0,1,300.0
592,Brokkat,Bhutan,300.0,1,300.0
2669,Duwet,Papua New Guinea,300.0,1,300.0
2168,Faire Atta,Philippines,300.0,1,300.0
2418,Green Gelao (China),China,300.0,1,300.0
524,Green Gelao (Viet Nam),Viet Nam,300.0,1,300.0
1884,Guatuso,Costa Rica,300.0,1,300.0
934,Tilapa Otomí,Mexico,292.0,1,292.0
1842,Paumarí,Brazil,290.0,1,290.0
1700,Wayana (Brazil),Brazil,288.0,1,288.0
1755,Guajá,Brazil,283.0,1,283.0
284,Achagua,Colombia,283.0,1,283.0
1319,Maniwaki Algonquin,Canada,280.0,1,280.0
898,Alabama,United States of America,275.0,1,275.0
846,Cocopa (Arizona),United States of America,275.0,1,275.0
1637,Miltu,Chad,272.0,1,272.0
1665,Arara do Pará,Brazil,271.0,1,271.0
2673,Kaki Ae,Papua New Guinea,266.0,1,266.0
2356,Nisga'a,Canada,265.0,1,265.0
946,"Zapotec of the Valleys, central",Mexico,257.0,1,257.0
2662,Bosilewa,Papua New Guinea,250.0,1,250.0
2058,Caquinte Campa,Peru,250.0,1,250.0
2335,Kaibobo,Indonesia,250.0,1,250.0
2672,Kaiep,Papua New Guinea,250.0,1,250.0
2582,Kaiy,Indonesia,250.0,1,250.0
2421,Laji,China,250.0,1,250.0
2505,Lehali,Vanuatu,250.0,1,250.0
138,Lillooet,Canada,250.0,1,250.0
2506,Löyöp,Vanuatu,250.0,1,250.0
228,Nyangumarta,Australia,250.0,1,250.0
2227,Pear,Cambodia,250.0,1,250.0
2564,Sause,Indonesia,250.0,1,250.0
889,Winnebago (Nebraska),United States of America,250.0,1,250.0
1550,Winnebago (Wisconsin),United States of America,250.0,1,250.0
911,Texistepecan,Mexico,250.0,1,250.0
263,Gwich'in (Canada),Canada,250.0,1,250.0
2487,Kundal Shahi,"India, Pakistan",500.0,2,250.0
1004,Chong,"Cambodia, Thailand",500.0,2,250.0
414,South Saami,"Norway, Sweden",500.0,2,250.0
64,Boguru,"Democratic Republic of the Congo, Sudan",494.0,2,247.0
945,Zapotec of San Bartolo Yautepec,Mexico,246.0,1,246.0
967,Mixtec of San Miguel Piedras,Mexico,243.0,1,243.0
318,Waiwai (Guyana),Guyana,240.0,1,240.0
253,North Alaskan Inupiaq (Canada),Canada,240.0,1,240.0
2352,Malecite,"Canada, United States of America",475.0,2,237.5
2380,Siglitun,Canada,230.0,1,230.0
1888,As,Indonesia,230.0,1,230.0
725,Paipai,Mexico,226.0,1,226.0
1366,K'iche' (Mexico),Mexico,226.0,1,226.0
876,Picuris,United States of America,225.0,1,225.0
2670,Garuwahi,Papua New Guinea,225.0,1,225.0
2498,Neku,New Caledonia (France),221.0,1,221.0
2499,Tiri,New Caledonia (France),221.0,1,221.0
1420,Danisi,Botswana,220.0,1,220.0
966,Mixtec of the northeast lowlands,Mexico,220.0,1,220.0
2332,Emplawas,Indonesia,220.0,1,220.0
2495,Pwaamèi,New Caledonia (France),219.0,1,219.0
2689,Musom,Papua New Guinea,219.0,1,219.0
949,"Zapotec of the Valleys, west",Mexico,211.0,1,211.0
1617,Karo,Brazil,208.0,1,208.0
723,Cocopa (Mexico),Mexico,206.0,1,206.0
1793,Korúbo,Brazil,205.0,1,205.0
210,Maung,Australia,200.0,1,200.0
148,Moghol,Afghanistan,200.0,1,200.0
1508,Mehináku,Brazil,200.0,1,200.0
2684,Magori,Papua New Guinea,200.0,1,200.0
191,Iwaidja,Australia,200.0,1,200.0
2334,Kadai,Indonesia,200.0,1,200.0
2336,Kao,Indonesia,200.0,1,200.0
1683,Karo,Ethiopia,200.0,1,200.0
1732,Kelo,Sudan,200.0,1,200.0
2635,Kokota,Solomon Islands,200.0,1,200.0
2544,Koneraw,Indonesia,200.0,1,200.0
2171,Northern Alta,Philippines,200.0,1,200.0
1790,Koroshi,Iran (Islamic Republic of),200.0,1,200.0
2198,Ningalami,Afghanistan,200.0,1,200.0
2702,Sepa,Papua New Guinea,200.0,1,200.0
2694,Numbani,Papua New Guinea,200.0,1,200.0
2250,Nung Ven,Viet Nam,200.0,1,200.0
102,Ongamo,Kenya,200.0,1,200.0
882,Hidatsa,United States of America,200.0,1,200.0
738,Orejón,Peru,200.0,1,200.0
157,Pacific Gulf Yupik,United States of America,200.0,1,200.0
1860,Pipil,El Salvador,200.0,1,200.0
2035,Saisiyat,China,200.0,1,200.0
768,Sauk-Fox,United States of America,200.0,1,200.0
2651,Shark Bay,Vanuatu,200.0,1,200.0
1264,Southern Chocho,Mexico,200.0,1,200.0
2195,Theen,Lao People's Democratic Republic,200.0,1,200.0
1344,Töitschu,Italy,200.0,1,200.0
1406,|Xaise,Botswana,200.0,1,200.0
360,Ingrian,Russian Federation,200.0,1,200.0
2290,Che Wong,Malaysia,200.0,1,200.0
439,Hayu,Nepal,200.0,1,200.0
51,Birri,Central African Republic,200.0,1,200.0
751,"Yaminahua (Bolivia, Peru)","Bolivia (Plurinational State of), Peru",400.0,2,200.0
1821,Hobyot,"Oman, Yemen",400.0,2,200.0
671,Gagauz (Maritime),"Bulgaria, Romania",400.0,2,200.0
10,Cobiana,"Guinea-Bissau, Senegal",400.0,2,200.0
1841,Gowro,Pakistan,200.0,1,200.0
1688,Aja,Sudan,200.0,1,200.0
167,Antakirinya,Australia,200.0,1,200.0
516,Bana,Lao People's Democratic Republic,200.0,1,200.0
2166,Batak,Philippines,200.0,1,200.0
2275,Baras,Indonesia,200.0,1,200.0
2522,Bonggo,Indonesia,200.0,1,200.0
2668,Doga,Papua New Guinea,200.0,1,200.0
2532,Erokwanas,Indonesia,200.0,1,200.0
2641,Emae,Vanuatu,200.0,1,200.0
147,Central Siberian Yupik (Chukotka),Russian Federation,200.0,1,200.0
2511,Dorig,Vanuatu,200.0,1,200.0
720,Dukha,Mongolia,200.0,1,200.0
29,Defaka,Nigeria,200.0,1,200.0
520,Chawte,Myanmar,200.0,1,200.0
1546,Beaver,Canada,195.0,1,195.0
258,Halkomelem,"Canada, United States of America",375.0,2,187.5
2357,Nootka,Canada,185.0,1,185.0
724,Tipai (Mexico),Mexico,184.0,1,184.0
1627,Uru-eu-au-au,Brazil,183.0,1,183.0
1262,Eastern Chocho,Mexico,181.0,1,181.0
2520,Bedoanas,Indonesia,180.0,1,180.0
2273,Bahonsuai,Indonesia,180.0,1,180.0
1774,Jarawára,Brazil,180.0,1,180.0
2541,Keder,Indonesia,180.0,1,180.0
1705,Zo'é,Brazil,177.0,1,177.0
190,Kuurinji,Australia,175.0,1,175.0
1191,Na,"China, India",350.0,2,175.0
1512,Mra,"China, India",350.0,2,175.0
2363,Central Ojibwe,Canada,175.0,1,175.0
2637,Zazao,Solomon Islands,166.0,1,166.0
2691,Mwatebu,Papua New Guinea,166.0,1,166.0
948,"Zapotec of the Southern mountains, northwest lowlands",Mexico,164.0,1,164.0
2494,Pije,New Caledonia (France),161.0,1,161.0
2512,Koro,Vanuatu,160.0,1,160.0
574,Aweti,Brazil,160.0,1,160.0
2390,Tsimshian,Canada,160.0,1,160.0
2695,Onjab,Papua New Guinea,160.0,1,160.0
211,Meriam Mir,Australia,160.0,1,160.0
1482,Sonora Lower Pima,Mexico,159.0,1,159.0
1481,Chihuahua Lower Pima,Mexico,159.0,1,159.0
141,Kwak'wala,"Canada, United States of America",315.0,2,157.5
155,Kaska,Canada,155.0,1,155.0
2164,Southern Ayta,Philippines,150.0,1,150.0
2646,Malmariv,Vanuatu,150.0,1,150.0
154,Koyukon,United States of America,150.0,1,150.0
737,Ocaina (Peru),Peru,150.0,1,150.0
1669,Katxuyana-Xikuyána,Brazil,150.0,1,150.0
2696,Papapana,Papua New Guinea,150.0,1,150.0
842,Quechan,United States of America,150.0,1,150.0
2199,Mt. Iraya Agta,Philippines,150.0,1,150.0
504,Tundra Yukagir,Russian Federation,150.0,1,150.0
1625,Tupari,Brazil,150.0,1,150.0
1458,Gwich'in (United States of America),United States of America,150.0,1,150.0
2577,Wari,Indonesia,150.0,1,150.0
1034,Yavapai,United States of America,150.0,1,150.0
14,Mani,"Guinea, Sierra Leone",300.0,2,150.0
2504,Hiw,Vanuatu,150.0,1,150.0
480,Ket,Russian Federation,150.0,1,150.0
1796,Cubeo (Brazil),Brazil,150.0,1,150.0
1775,Mandaic,"Iran (Islamic Republic of), Iraq",300.0,2,150.0
2213,Camarines Norte Agta,Philippines,150.0,1,150.0
1877,Cacua,Colombia,150.0,1,150.0
2639,Baki,Vanuatu,150.0,1,150.0
1547,Assiniboine (United States of America),United States of America,150.0,1,150.0
1887,Arguni,Indonesia,150.0,1,150.0
2638,Amblong,Vanuatu,150.0,1,150.0
145,Aleut (Western),United States of America,150.0,1,150.0
1452,Aleut (Eastern),United States of America,150.0,1,150.0
2023,Aikana,Brazil,150.0,1,150.0
490,Negidal,Russian Federation,147.0,1,147.0
2705,Suarmin,Papua New Guinea,145.0,1,145.0
1081,Kickapoo (Mexico),Mexico,144.0,1,144.0
2710,Wab,Papua New Guinea,142.0,1,142.0
1358,Motocintlec,Mexico,141.0,1,141.0
197,Kunbarlang,Australia,140.0,1,140.0
1401,ǂHoa,Botswana,140.0,1,140.0
2667,Dengalu,Papua New Guinea,140.0,1,140.0
1413,Dimbong,Cameroon,140.0,1,140.0
1954,Machineri (Bolivia),Bolivia (Plurinational State of),140.0,1,140.0
2571,Taworta,Indonesia,140.0,1,140.0
1555,Handuri,India,138.0,1,138.0
1859,Suruahá,Brazil,136.0,1,136.0
2693,Nauna,Papua New Guinea,130.0,1,130.0
2697,Piu,Papua New Guinea,130.0,1,130.0
2054,Ocaina (Colombia),Colombia,126.0,1,126.0
552,Ruc,"Lao People's Democratic Republic, Viet Nam",250.0,2,125.0
666,Yuki,Bolivia (Plurinational State of),125.0,1,125.0
1762,Asurini do Xingu,Brazil,124.0,1,124.0
1457,Nahukwa,Brazil,124.0,1,124.0
1433,Ili Turk,China,120.0,1,120.0
2654,Tutuba,Vanuatu,120.0,1,120.0
536,Lamu,China,120.0,1,120.0
2649,Polonomombauk,Vanuatu,120.0,1,120.0
746,Capanahua,Peru,120.0,1,120.0
2228,Samre,Cambodia,120.0,1,120.0
1770,Dâw,Brazil,120.0,1,120.0
2559,Obokuitai,Indonesia,120.0,1,120.0
2664,Budibud,Papua New Guinea,120.0,1,120.0
2329,Aputai,Indonesia,120.0,1,120.0
2360,Northern Tutchone,Canada,115.0,1,115.0
260,Haisla,Canada,110.0,1,110.0
2529,Dubu,Indonesia,110.0,1,110.0
257,Heiltsuk,Canada,105.0,1,105.0
79,Kwegu,Ethiopia,103.0,1,103.0
638,Omagua (Peru),Peru,100.0,1,100.0
1978,Ninam (Venezuela),Venezuela (Bolivarian Republic of),100.0,1,100.0
2191,Nemadi,Mauritania,100.0,1,100.0
2692,Nafi,Papua New Guinea,100.0,1,100.0
2565,Senggi,Indonesia,100.0,1,100.0
492,Oroch,Russian Federation,100.0,1,100.0
2135,Oroha,Solomon Islands,100.0,1,100.0
2562,Pauwi,Indonesia,100.0,1,100.0
2122,Piame,Papua New Guinea,100.0,1,100.0
2123,Pyu,Indonesia,100.0,1,100.0
1176,Ruga,India,100.0,1,100.0
823,Sahaptin,United States of America,100.0,1,100.0
1391,Mvanip,Nigeria,100.0,1,100.0
555,Samatao,China,100.0,1,100.0
274,Seneca (United States of America),United States of America,100.0,1,100.0
1199,Shompen,India,100.0,1,100.0
770,Shawnee,United States of America,100.0,1,100.0
1988,Shiwiar,Ecuador,100.0,1,100.0
106,Soo,Uganda,100.0,1,100.0
1223,Tai Nora,India,100.0,1,100.0
1224,Tai Rong,India,100.0,1,100.0
1220,Tangam,India,100.0,1,100.0
1847,Tariana (Brazil),Brazil,100.0,1,100.0
2483,Tirahi,Afghanistan,100.0,1,100.0
864,"Ute (Colorado, Southern Ute)",United States of America,100.0,1,100.0
20,Yangkam,Nigeria,100.0,1,100.0
1735,Molo,Sudan,100.0,1,100.0
1874,Xokleng,Brazil,100.0,1,100.0
245,Wik Ngathan,Australia,100.0,1,100.0
2131,Vehes,Papua New Guinea,100.0,1,100.0
2422,Mulao,China,100.0,1,100.0
412,Skolt Saami,"Finland, Norway, Russian Federation",300.0,3,100.0
841,Mohave (California),United States of America,100.0,1,100.0
1387,Dulbu,Nigeria,100.0,1,100.0
164,Adnyamathanha,Australia,100.0,1,100.0
2098,Ainbai,Papua New Guinea,100.0,1,100.0
1030,Mohave (Arizona),United States of America,100.0,1,100.0
1766,Banawá Yafi,Brazil,100.0,1,100.0
1997,Bara (Colombia),Colombia,100.0,1,100.0
2096,Bikaru,Papua New Guinea,100.0,1,100.0
1638,Boor,Chad,100.0,1,100.0
2523,Burate,Indonesia,100.0,1,100.0
577,Callahuaya,Bolivia (Plurinational State of),100.0,1,100.0
862,Comanche,United States of America,100.0,1,100.0
2526,Dabra,Indonesia,100.0,1,100.0
175,Djinang,Australia,100.0,1,100.0
512,Ghomara,Morocco,100.0,1,100.0
476,Itelmen,Russian Federation,100.0,1,100.0
608,Jebero,Peru,100.0,1,100.0
1385,Jilbe,Nigeria,100.0,1,100.0
2109,Kalamo,Papua New Guinea,100.0,1,100.0
2265,Kanowit,Malaysia,100.0,1,100.0
2539,Karas,Indonesia,100.0,1,100.0
28,Kiong,Nigeria,100.0,1,100.0
2543,Kofei,Indonesia,100.0,1,100.0
2683,Likum,Papua New Guinea,100.0,1,100.0
843,Maricopa,United States of America,100.0,1,100.0
2104,Yarawata,Papua New Guinea,98.0,1,98.0
2124,Samosa,Papua New Guinea,94.0,1,94.0
1480,O'odham (Mexico),Mexico,94.0,1,94.0
2116,Mindiri,Papua New Guinea,93.0,1,93.0
2130,Usu,Papua New Guinea,93.0,1,93.0
2385,Straits Salish,"Canada, United States of America",180.0,2,90.0
1939,Iteri,Papua New Guinea,90.0,1,90.0
2573,Tofanma,Indonesia,90.0,1,90.0
2650,Repanbitip,Vanuatu,90.0,1,90.0
225,Ngarinyin,Australia,90.0,1,90.0
2127,Taiap,Papua New Guinea,89.0,1,89.0
1259,Kusunda,Nepal,87.0,1,87.0
1916,Patamona (Brazil),Brazil,87.0,1,87.0
1442,Xiri,South Africa,87.0,1,87.0
2558,Narau,Indonesia,85.0,1,85.0
2105,Ak,Papua New Guinea,83.0,1,83.0
1928,Araona,Bolivia (Plurinational State of),81.0,1,81.0
2158,Pwapwa,New Caledonia (France),80.0,1,80.0
2704,Somm,Papua New Guinea,80.0,1,80.0
2572,Tobati,Indonesia,80.0,1,80.0
2100,Dorro,Papua New Guinea,80.0,1,80.0
2686,Mari,Papua New Guinea,80.0,1,80.0
2537,Itik,Indonesia,80.0,1,80.0
1005,Gong,Thailand,80.0,1,80.0
2099,Ari,Papua New Guinea,80.0,1,80.0
1969,Assiniboine (Canada),Canada,80.0,1,80.0
1924,Moré,Bolivia (Plurinational State of),76.0,1,76.0
2121,Papi,Papua New Guinea,75.0,1,75.0
2119,Musan,Papua New Guinea,75.0,1,75.0
2377,Sekani,Canada,75.0,1,75.0
2374,Sarcee,Canada,75.0,1,75.0
2145,Mores,Vanuatu,75.0,1,75.0
544,Mlabri,"Lao People's Democratic Republic, Thailand",149.0,2,74.5
2101,Arawun,Papua New Guinea,73.0,1,73.0
1934,Siriano (Brazil),Brazil,71.0,1,71.0
1368,Teko,Mexico,71.0,1,71.0
1263,Western Chocho,Mexico,70.0,1,70.0
2084,Yankunytjatjara,Australia,70.0,1,70.0
156,East Cape Yupik,Russian Federation,70.0,1,70.0
250,Yanyuwa,Australia,70.0,1,70.0
1474,Vilamovian,Poland,70.0,1,70.0
2645,Mafea,Vanuatu,70.0,1,70.0
2535,Iresim,Indonesia,70.0,1,70.0
1886,Anus,Indonesia,70.0,1,70.0
2528,Doutai,Indonesia,70.0,1,70.0
2518,Awera,Indonesia,70.0,1,70.0
1873,Boruca,Costa Rica,70.0,1,70.0
2132,Yapunda,Papua New Guinea,69.0,1,69.0
2663,Bothar,Papua New Guinea,68.0,1,68.0
142,Kutenai,"Canada, United States of America",135.0,2,67.5
1710,Kari'ña (Brazil),Brazil,66.0,1,66.0
232,Ritharrngu,Australia,66.0,1,66.0
2367,Okanagan,"Canada, United States of America",130.0,2,65.0
1571,Northern Straits Salish,United States of America,65.0,1,65.0
2126,Sumariup,Papua New Guinea,65.0,1,65.0
1371,Ixil (Mexico),Mexico,64.0,1,64.0
493,Orok,Russian Federation,64.0,1,64.0
612,Carapana (Brazil),Brazil,63.0,1,63.0
2085,Yan-nhangu,Australia,61.0,1,61.0
2659,Atemble,Papua New Guinea,60.0,1,60.0
2003,Carapana (Colombia),Colombia,60.0,1,60.0
185,Gooniyandi,Australia,60.0,1,60.0
188,Gurrgoni,Australia,60.0,1,60.0
196,Kija,Australia,60.0,1,60.0
959,Montana Salish,United States of America,60.0,1,60.0
222,Ngangikurunggurr,Australia,60.0,1,60.0
912,Olultecan,Mexico,60.0,1,60.0
1792,Senaya,Iran (Islamic Republic of),60.0,1,60.0
2387,Tahltan,Canada,60.0,1,60.0
1696,Tembé,Brazil,60.0,1,60.0
2660,Bagupi,Papua New Guinea,60.0,1,60.0
2118,Mosimo,Papua New Guinea,58.0,1,58.0
656,Tapayuna,Brazil,58.0,1,58.0
2102,Faita,Papua New Guinea,57.0,1,57.0
1885,Teribe (Costa Rica),Costa Rica,57.0,1,57.0
2107,Bepour,Papua New Guinea,57.0,1,57.0
2117,Moere,Papua New Guinea,56.0,1,56.0
726,Kiliwa,Mexico,56.0,1,56.0
1919,Baure,Bolivia (Plurinational State of),55.0,1,55.0
261,Southern Haida,Canada,55.0,1,55.0
2389,Tlingit (Canada),Canada,55.0,1,55.0
162,Upper Tanana (United States of America),United States of America,55.0,1,55.0
944,Zapotec of Asunción Tlacolulita,Mexico,53.0,1,53.0
660,Trumai,Brazil,51.0,1,51.0
943,Zapotec of San Felipe Tejalapan,Mexico,50.0,1,50.0
1529,Potawatomi (Kansas),United States of America,50.0,1,50.0
1531,Potawatomi (Oklahoma),United States of America,50.0,1,50.0
272,Potawatomi (Michigan),United States of America,50.0,1,50.0
98,Omotik,Kenya,50.0,1,50.0
2607,Paulohi,Indonesia,50.0,1,50.0
2409,Patua,China,50.0,1,50.0
2455,Onge,India,50.0,1,50.0
2609,Salas,Indonesia,50.0,1,50.0
1530,Potawatomi (Wisconsin),United States of America,50.0,1,50.0
2268,Sian,Malaysia,50.0,1,50.0
2622,Norfolk-Pitcairn (Pitcairn),Pitcairn  (U.K.),50.0,1,50.0
312,Sapé,Venezuela (Bolivarian Republic of),50.0,1,50.0
1363,Sentilese,India,50.0,1,50.0
2652,Tambotalo,Vanuatu,50.0,1,50.0
159,Tanacross,United States of America,50.0,1,50.0
160,Tanaina,United States of America,50.0,1,50.0
2137,Tanimbili,Solomon Islands,50.0,1,50.0
243,Warumungu,Australia,50.0,1,50.0
886,Omaha-Ponca,United States of America,50.0,1,50.0
2103,Gorovu,Papua New Guinea,50.0,1,50.0
224,Ngarinman,Australia,50.0,1,50.0
1753,Iduh (Lao PDR),Lao People's Democratic Republic,50.0,1,50.0
570,Arabela,Peru,50.0,1,50.0
2159,Arha,New Caledonia (France),50.0,1,50.0
230,Banjima,Australia,50.0,1,50.0
1525,Bella Coola,Canada,50.0,1,50.0
2278,Budong-Budong,Indonesia,50.0,1,50.0
2666,Bulgebi,Papua New Guinea,50.0,1,50.0
2025,Chiquitano (Brazil),Brazil,50.0,1,50.0
474,Forest Yukagir,Russian Federation,50.0,1,50.0
514,Arem,"Lao People's Democratic Republic, Viet Nam",100.0,2,50.0
216,Nakkara,Australia,50.0,1,50.0
2540,Kayupulau,Indonesia,50.0,1,50.0
2311,Lolak,Indonesia,50.0,1,50.0
2583,Maku'a,Timor-Leste,50.0,1,50.0
625,Makurap,Brazil,50.0,1,50.0
212,Miriwoong,Australia,50.0,1,50.0
2557,Moraori,Indonesia,50.0,1,50.0
379,Karaim (Lithuania),Lithuania,50.0,1,50.0
2128,Tench,Papua New Guinea,49.0,1,49.0
213,Mudburra,Australia,48.0,1,48.0
226,Nunggubuyu,Australia,44.0,1,44.0
2095,Dumun,Papua New Guinea,42.0,1,42.0
22,Kudu-Camo,Nigeria,42.0,1,42.0
505,Udege,Russian Federation,40.0,1,40.0
2136,Asumboa,Solomon Islands,40.0,1,40.0
172,Bunuba,Australia,40.0,1,40.0
2579,Yoki,Indonesia,40.0,1,40.0
182,Garrwa,Australia,40.0,1,40.0
2076,Gumbaynggirr,Australia,40.0,1,40.0
2553,Maremgi,Indonesia,40.0,1,40.0
858,Mono (Western),United States of America,40.0,1,40.0
2382,Southern Tutchone,Canada,40.0,1,40.0
845,Tipai (United States of America),United States of America,40.0,1,40.0
501,Tofa,Russian Federation,40.0,1,40.0
1652,Noy,Chad,36.0,1,36.0
2129,Turaka,Papua New Guinea,35.0,1,35.0
1945,Quechua of Pacaraos,Peru,35.0,1,35.0
1367,Kaqchikel (Mexico),Mexico,35.0,1,35.0
766,Menominee,United States of America,35.0,1,35.0
2538,Kapori,Indonesia,35.0,1,35.0
467,Chulym Turk,Russian Federation,35.0,1,35.0
576,Barasana (Brazil),Brazil,34.0,1,34.0
2097,Bilakura,Papua New Guinea,34.0,1,34.0
1808,Macuna (Brazil),Brazil,32.0,1,32.0
1364,Jarawa,India,31.0,1,31.0
548,Kri,Lao People's Democratic Republic,31.0,1,31.0
2111,Kowaki,Papua New Guinea,31.0,1,31.0
2115,Mawak,Papua New Guinea,31.0,1,31.0
246,Wik Ngencherr,Australia,30.0,1,30.0
247,Wiradjuri,Australia,30.0,1,30.0
2110,Kawucha,Papua New Guinea,30.0,1,30.0
240,Warnman,Australia,30.0,1,30.0
821,Valley Yokuts,United States of America,30.0,1,30.0
2156,Ske,Vanuatu,30.0,1,30.0
1260,Sia Pedee,Ecuador,30.0,1,30.0
1892,Rama,Nicaragua,30.0,1,30.0
2267,Punan Batu,Malaysia,30.0,1,30.0
220,Ngalkbun,Australia,30.0,1,30.0
1464,Mono (Eastern),United States of America,30.0,1,30.0
2547,Kwerisa,Indonesia,30.0,1,30.0
2530,Duriankere,Indonesia,30.0,1,30.0
2442,Chintaw,China,30.0,1,30.0
1635,Goundo,Chad,30.0,1,30.0
1616,Djeoromitxi,Brazil,30.0,1,30.0
693,Comox/Sliammon,Canada,30.0,1,30.0
289,Carijona,Colombia,30.0,1,30.0
36,Cambap,Cameroon,30.0,1,30.0
867,Cahuilla,United States of America,30.0,1,30.0
169,Bardi,Australia,30.0,1,30.0
2328,Amahai,Indonesia,30.0,1,30.0
2212,Alabat Island Agta,Philippines,30.0,1,30.0
698,Malinaltepec Tlapanec,Mexico,29.0,1,29.0
629,Sakurabiat,Brazil,25.0,1,25.0
2006,Pisamira,Colombia,25.0,1,25.0
2556,Mor,Indonesia,25.0,1,25.0
208,Marrithiyel,Australia,25.0,1,25.0
1107,Surel,Nepal,25.0,1,25.0
45,Zumaya,Cameroon,25.0,1,25.0
776,Upper Kuskokwim,United States of America,25.0,1,25.0
2554,Massep,Indonesia,25.0,1,25.0
803,Columbian,United States of America,25.0,1,25.0
619,Kwazá,Brazil,25.0,1,25.0
144,Ahtna,United States of America,25.0,1,25.0
1001,Kasong,"Cambodia, Thailand",50.0,2,25.0
1000,Samray,"Cambodia, Thailand",50.0,2,25.0
727,Iquito,Peru,25.0,1,25.0
2140,Bieria,Vanuatu,25.0,1,25.0
894,Caddo,United States of America,25.0,1,25.0
837,Kashaya,United States of America,24.0,1,24.0
2037,Kavalan,China,24.0,1,24.0
241,Wardaman,Australia,24.0,1,24.0
848,Washo,United States of America,24.0,1,24.0
200,Kuku Yalanji,Australia,23.0,1,23.0
445,Sām,Nepal,23.0,1,23.0
990,Southwestern Tlapanec,Mexico,23.0,1,23.0
165,Alawa,Australia,22.0,1,22.0
2263,Tobian,Palau,22.0,1,22.0
1769,Bara (Brazil),Brazil,21.0,1,21.0
1265,Ixcatec,Mexico,21.0,1,21.0
2599,Loun,Indonesia,20.0,1,20.0
238,Wambaya,Australia,20.0,1,20.0
205,Mangarla,Australia,20.0,1,20.0
207,Maringarr,Australia,20.0,1,20.0
2231,White Gelao (Viet Nam),Viet Nam,20.0,1,20.0
2036,Nataoran,China,20.0,1,20.0
824,Nez Perce,United States of America,20.0,1,20.0
2648,Nisvai,Vanuatu,20.0,1,20.0
227,Nyamal,Australia,20.0,1,20.0
229,Nyikina,Australia,20.0,1,20.0
860,Panamint,United States of America,20.0,1,20.0
650,Qawasqar,Chile,20.0,1,20.0
2230,Red Gelao (Viet Nam),Viet Nam,20.0,1,20.0
419,Ume Saami,Sweden,20.0,1,20.0
2575,Usku,Indonesia,20.0,1,20.0
423,Vote,Russian Federation,20.0,1,20.0
1857,Warekena (Brazil),Brazil,20.0,1,20.0
244,Wajarri,Australia,20.0,1,20.0
2550,Mander,Indonesia,20.0,1,20.0
621,Leco,Bolivia (Plurinational State of),20.0,1,20.0
472,Forest Enets,Russian Federation,20.0,1,20.0
1806,Kulina Páno,Brazil,20.0,1,20.0
685,Añu,Venezuela (Bolivarian Republic of),20.0,1,20.0
2176,Barzani Jewish Neo-Aramaic (Israel),Israel,20.0,1,20.0
1315,Bom,Sierra Leone,20.0,1,20.0
171,Bundjalung,Australia,20.0,1,20.0
1991,Chung (Cambodia),Cambodia,20.0,1,20.0
2531,Dusner,Indonesia,20.0,1,20.0
2024,Chamacoco,"Brazil, Paraguay",40.0,2,20.0
2108,Hermit,Papua New Guinea,20.0,1,20.0
2534,Foya,Indonesia,20.0,1,20.0
192,Jawoyn,Australia,20.0,1,20.0
1940,Kamasa,Papua New Guinea,20.0,1,20.0
2040,Kanakanabu,China,20.0,1,20.0
2542,Kembra,Indonesia,20.0,1,20.0
1316,Kim,Sierra Leone,20.0,1,20.0
183,Koko Bera,Australia,20.0,1,20.0
317,Uruak,Venezuela (Bolivarian Republic of),19.0,1,19.0
970,Mixtec of Tlaltempan,Mexico,19.0,1,19.0
1953,Pacahuara,Bolivia (Plurinational State of),18.0,1,18.0
2133,Ririo,Solomon Islands,18.0,1,18.0
1957,Ava-Canoeiro,Brazil,16.0,1,16.0
1876,Chorotega,Costa Rica,16.0,1,16.0
475,Ainu (Hokkaido),Japan,15.0,1,15.0
174,Jaminjung,Australia,15.0,1,15.0
2510,Mwesen,Vanuatu,15.0,1,15.0
2376,Sechelt,Canada,15.0,1,15.0
161,Tanana,United States of America,15.0,1,15.0
153,Ingalik,United States of America,14.0,1,14.0
176,Jingulu,Australia,14.0,1,14.0
942,Zapotec of Mixtepe,Mexico,14.0,1,14.0
2578,Woria,Indonesia,13.0,1,13.0
637,Ofayé,Brazil,12.0,1,12.0
219,Ngaliwuru,Australia,12.0,1,12.0
775,Yurok,United States of America,12.0,1,12.0
826,Karuk,United States of America,12.0,1,12.0
234,Umpila,Australia,12.0,1,12.0
2079,Ngaatjatjara,Australia,12.0,1,12.0
790,Makah,United States of America,12.0,1,12.0
780,Hupa,United States of America,12.0,1,12.0
1459,Han (United States of America),United States of America,12.0,1,12.0
572,Aruá,Brazil,12.0,1,12.0
1794,Kinikinau,Brazil,11.0,1,11.0
236,Wagiman,Australia,11.0,1,11.0
110,Ngbinda,Democratic Republic of the Congo,10.0,1,10.0
1840,Parintintin,Brazil,10.0,1,10.0
887,Osage,United States of America,10.0,1,10.0
270,Onondaga (New York),United States of America,10.0,1,10.0
269,Oneida (Wisconsin),United States of America,10.0,1,10.0
2604,Nusa Laut,Indonesia,10.0,1,10.0
1465,Northern Paiute (Idaho),United States of America,10.0,1,10.0
2148,Naati,Vanuatu,10.0,1,10.0
223,Ngardi,Australia,10.0,1,10.0
2698,Puari,Papua New Guinea,10.0,1,10.0
1326,Munsee (Canada),Canada,10.0,1,10.0
452,Kilen,"China, Russian Federation",20.0,2,10.0
627,Matipu,Brazil,10.0,1,10.0
2144,Matanvat,Vanuatu,10.0,1,10.0
892,Pawnee,United States of America,10.0,1,10.0
1655,Massalat,Chad,10.0,1,10.0
231,Rembarrnga,Australia,10.0,1,10.0
206,Marrisyefin,Australia,10.0,1,10.0
2155,Sowa,Vanuatu,10.0,1,10.0
2706,Susuami,Papua New Guinea,10.0,1,10.0
2707,Taap,Papua New Guinea,10.0,1,10.0
2153,Tape,Vanuatu,10.0,1,10.0
416,Ter Saami,Russian Federation,10.0,1,10.0
2041,Thao,China,10.0,1,10.0
819,Tule-Kaweah Yokuts,United States of America,10.0,1,10.0
502,Tundra Enets,Russian Federation,10.0,1,10.0
893,Wichita,United States of America,10.0,1,10.0
1942,Xambioá,Brazil,10.0,1,10.0
1509,Yawalapiti,Brazil,10.0,1,10.0
251,Yiiji,Australia,10.0,1,10.0
2125,Sene,Papua New Guinea,10.0,1,10.0
884,Mandan,United States of America,10.0,1,10.0
2593,Hulung,Indonesia,10.0,1,10.0
1867,Iranxe,Brazil,10.0,1,10.0
23,Somyev,"Cameroon, Nigeria",20.0,2,10.0
400,Pite Saami,"Norway, Sweden",20.0,2,10.0
829,Achumawi,United States of America,10.0,1,10.0
2160,Arho,New Caledonia (France),10.0,1,10.0
891,Arikara,United States of America,10.0,1,10.0
515,Ayizi,China,10.0,1,10.0
2143,Bangsa,Vanuatu,10.0,1,10.0
1864,Ch'orti' (Honduras),Honduras,10.0,1,10.0
1002,Chung (Thailand),Thailand,10.0,1,10.0
763,Copper Island Aleut,Russian Federation,10.0,1,10.0
764,Gros Ventre,United States of America,10.0,1,10.0
115,Gweno,United Republic of Tanzania,10.0,1,10.0
2591,Hoti,Indonesia,10.0,1,10.0
453,Manchu (Nonni),China,10.0,1,10.0
2594,Ibu,Indonesia,10.0,1,10.0
202,Lardil,Australia,10.0,1,10.0
194,Karajarri,Australia,10.0,1,10.0
613,Karipuna,Brazil,10.0,1,10.0
615,Katawixi,Brazil,10.0,1,10.0
863,Kawaiisu,United States of America,10.0,1,10.0
1450,Khövsgöl Uryangkhay,Mongolia,10.0,1,10.0
1880,Krenak,Brazil,10.0,1,10.0
199,Kurrama,Australia,10.0,1,10.0
2595,Kamarian,Indonesia,10.0,1,10.0
2270,Lom,Indonesia,10.0,1,10.0
2644,Lorediakarkar,Vanuatu,10.0,1,10.0
203,Madngele,Australia,10.0,1,10.0
214,Malak Malak,Australia,10.0,1,10.0
454,Manchu (Amur),China,10.0,1,10.0
201,Kuuku Ya'u,Australia,9.0,1,9.0
217,Ngarluma,Australia,9.0,1,9.0
995,Arára Shawãdáwa,Brazil,9.0,1,9.0
221,Ngandi,Australia,9.0,1,9.0
636,Munichi,Peru,8.0,1,8.0
195,Kayardild,Australia,8.0,1,8.0
583,Chamicuro,Peru,8.0,1,8.0
132,N|uu,South Africa,8.0,1,8.0
664,Xetá,Brazil,8.0,1,8.0
437,Dumi,Nepal,8.0,1,8.0
2515,Araki,Vanuatu,8.0,1,8.0
1400,Busuu,Cameroon,8.0,1,8.0
575,Ajuru,Brazil,8.0,1,8.0
78,Ongota,Ethiopia,8.0,1,8.0
913,Ayapanec,Mexico,8.0,1,8.0
805,Kiksht,United States of America,7.0,1,7.0
2114,Makolkol,Papua New Guinea,7.0,1,7.0
133,Korana,South Africa,6.0,1,6.0
567,Akuntsu,Brazil,6.0,1,6.0
1663,Anambé,Brazil,6.0,1,6.0
2071,Arabana,Australia,6.0,1,6.0
844,Ipai,United States of America,6.0,1,6.0
369,Karaim (Western Ukraine),Ukraine,6.0,1,6.0
820,Kings River Yokuts,United States of America,6.0,1,6.0
204,Mangarrayi,Australia,6.0,1,6.0
815,Northern Sierra Miwok,United States of America,6.0,1,6.0
2149,Navwien,Vanuatu,5.0,1,5.0
2150,Nivat,Vanuatu,5.0,1,5.0
218,Ngalakan,Australia,5.0,1,5.0
40,Ndai,Cameroon,5.0,1,5.0
1674,Mawayana (Brazil),"Brazil, Suriname",10.0,2,5.0
2147,Nasarian,Vanuatu,5.0,1,5.0
2146,Naman,Vanuatu,5.0,1,5.0
2551,Mansim,Indonesia,5.0,1,5.0
2513,Olrat,Vanuatu,5.0,1,5.0
2151,Niviar,Vanuatu,5.0,1,5.0
1359,Tuzantec,Mexico,5.0,1,5.0
640,Oro Win,Brazil,5.0,1,5.0
1958,Paunaca,Bolivia (Plurinational State of),5.0,1,5.0
651,Resígaro,Peru,5.0,1,5.0
2152,Sorsorian,Vanuatu,5.0,1,5.0
679,Southern Selkup,Russian Federation,5.0,1,5.0
902,Yuchi,United States of America,5.0,1,5.0
2154,Umbrul,Vanuatu,5.0,1,5.0
793,Lushootseed,United States of America,5.0,1,5.0
249,Wunambal,Australia,5.0,1,5.0
2138,Vano,Solomon Islands,5.0,1,5.0
455,Manchurian Kirghiz,China,5.0,1,5.0
869,Luiseño,United States of America,5.0,1,5.0
2722,Great andamanese,India,5.0,1,5.0
2549,Liki,Indonesia,5.0,1,5.0
163,"Aleut (Western, Commander Islands)",Russian Federation,5.0,1,5.0
2417,Aqaw Gelao,China,5.0,1,5.0
2142,Aveteian,Vanuatu,5.0,1,5.0
719,Central Selkup,Russian Federation,5.0,1,5.0
1789,Cocama-Cocamilla (Brazil),Brazil,5.0,1,5.0
178,Dyirbal,Australia,5.0,1,5.0
2077,Gamilaraay,Australia,5.0,1,5.0
2655,Abaga,Papua New Guinea,5.0,1,5.0
600,Guató,Brazil,5.0,1,5.0
527,Iduh (Viet Nam),Viet Nam,5.0,1,5.0
2200,Isarog Agta,Philippines,5.0,1,5.0
606,Itonama,Bolivia (Plurinational State of),5.0,1,5.0
609,Juma,Brazil,5.0,1,5.0
960,Kalispel,United States of America,5.0,1,5.0
611,Kanoê,Brazil,5.0,1,5.0
152,Holikachuk,United States of America,5.0,1,5.0
668,Zaparo,"Ecuador, Peru",9.0,2,4.5
2072,Paakantyi,Australia,4.0,1,4.0
248,Worrorra,Australia,4.0,1,4.0
235,Waanyi,Australia,4.0,1,4.0
1462,Totoró,Colombia,4.0,1,4.0
658,Tehuelche,Argentina,4.0,1,4.0
2139,Tanema,Solomon Islands,4.0,1,4.0
2563,Saponi,Indonesia,4.0,1,4.0
2266,Lengilu,Indonesia,4.0,1,4.0
2120,Ouma,Papua New Guinea,4.0,1,4.0
38,Njerep,Cameroon,4.0,1,4.0
2106,Guranalum,Papua New Guinea,4.0,1,4.0
2074,Dharawal,Australia,4.0,1,4.0
802,Coeur d'Alene,United States of America,4.0,1,4.0
2521,Bonerif,Indonesia,4.0,1,4.0
834,Northern Pomo,United States of America,3.0,1,3.0
836,Southern Pomo,United States of America,3.0,1,3.0
1623,Sabanê,Brazil,3.0,1,3.0
1643,Mabiri,Chad,3.0,1,3.0
817,Southern Sierra Miwok,United States of America,3.0,1,3.0
865,Tubatulabal,United States of America,3.0,1,3.0
279,Tuscarora (United States of America),United States of America,3.0,1,3.0
2157,Ura,Vanuatu,3.0,1,3.0
1463,Mescalero-Chiricahua Apache (Oklahoma),United States of America,3.0,1,3.0
1470,Chemehuevi,United States of America,3.0,1,3.0
814,Lake Miwok,United States of America,3.0,1,3.0
789,Kiowa Apache,United States of America,3.0,1,3.0
816,Central Sierra Miwok,United States of America,3.0,1,3.0
835,Central Pomo,United States of America,3.0,1,3.0
580,Canichana,Bolivia (Plurinational State of),3.0,1,3.0
37,Bung,Cameroon,3.0,1,3.0
44,Baldemu,Cameroon,3.0,1,3.0
1370,Awakatek (Mexico),Mexico,3.0,1,3.0
812,Konkow,United States of America,3.0,1,3.0
1389,Sambe,Nigeria,2.0,1,2.0
1535,Oneida (New York),United States of America,2.0,1,2.0
2069,Poyanawa,Brazil,2.0,1,2.0
649,Puruborá,Brazil,2.0,1,2.0
652,Salamãy,Brazil,2.0,1,2.0
1704,Xipáya,Brazil,2.0,1,2.0
801,Spokane,United States of America,2.0,1,2.0
173,Tharkarri,Australia,2.0,1,2.0
728,Vacacocha,Peru,2.0,1,2.0
239,Wangaaybuwan,Australia,2.0,1,2.0
2508,Lemerig,Vanuatu,2.0,1,2.0
811,Maidu,United States of America,2.0,1,2.0
26,Luri,Nigeria,2.0,1,2.0
571,Arikapu,Brazil,2.0,1,2.0
198,Kunjen,Australia,2.0,1,2.0
1619,Kujubim,Brazil,2.0,1,2.0
792,Klallam,United States of America,2.0,1,2.0
1615,Guarasu,Brazil,2.0,1,2.0
181,Ganggalidda,Australia,2.0,1,2.0
179,Gajerrong,Australia,2.0,1,2.0
582,Cayuvava,Bolivia (Plurinational State of),2.0,1,2.0
287,Baré (Brazil),Brazil,2.0,1,2.0
1708,Aurê-Aurá,Brazil,2.0,1,2.0
1672,Kuruáya,Brazil,2.0,1,2.0
729,Andoa (Peru),Peru,2.0,1,2.0
661,Uru,Bolivia (Plurinational State of),1.0,1,1.0
657,Taushiro,Peru,1.0,1,1.0
314,Tinigua,Colombia,1.0,1,1.0
779,Tolowa,United States of America,1.0,1,1.0
2047,Pazeh,China,1.0,1,1.0
2507,Volow,Vanuatu,1.0,1,1.0
809,Wintu-Nomlaki,United States of America,1.0,1,1.0
665,Yahgan,Chile,1.0,1,1.0
2711,Yarawi,Papua New Guinea,1.0,1,1.0
1966,Pémono,Venezuela (Bolivarian Republic of),1.0,1,1.0
2113,Laua,Papua New Guinea,1.0,1,1.0
810,Patwin,United States of America,1.0,1,1.0
2112,Lae,Papua New Guinea,1.0,1,1.0
1776,Kaixána,Brazil,1.0,1,1.0
595,Diahói,Brazil,1.0,1,1.0
2280,Dampel,Indonesia,1.0,1,1.0
2060,Chaná,Argentina,1.0,1,1.0
1399,Bishuo,Cameroon,1.0,1,1.0
1398,Bikya,Cameroon,1.0,1,1.0
1507,Apiaká,Brazil,1.0,1,1.0
831,Northeastern Pomo,United States of America,0.0,1,0.0
31,Odut,Nigeria,0.0,1,0.0
852,Obispeño,United States of America,0.0,1,0.0
105,Nyang'i,Uganda,0.0,1,0.0
1257,Nupbikha,Bhutan,0.0,1,0.0
603,Nukiní,Brazil,0.0,1,0.0
2603,Nila (Nila Island),Indonesia,0.0,1,0.0
361,Norn,United Kingdom of Great Britain and Northern Ireland,0.0,1,0.0
958,Nooksack,United States of America,0.0,1,0.0
813,Nisenan,United States of America,0.0,1,0.0
158,Old Sirenik,Russian Federation,0.0,1,0.0
39,Ngong,Cameroon,0.0,1,0.0
682,Ngarla,Australia,0.0,1,0.0
395,Old Prussian,Russian Federation,0.0,1,0.0
305,Opon-Carare,Colombia,0.0,1,0.0
1782,Omagua (Brazil),Brazil,0.0,1,0.0
639,Ona,Argentina,0.0,1,0.0
1432,Ongkor Solon,China,0.0,1,0.0
901,Natchez,United States of America,0.0,1,0.0
2281,Orang Kanaq,Malaysia,0.0,1,0.0
2606,Palumata,Indonesia,0.0,1,0.0
962,Panobo,Peru,0.0,1,0.0
2044,Papora,China,0.0,1,0.0
2399,Pentlatch,Canada,0.0,1,0.0
547,Phalok,Thailand,0.0,1,0.0
645,Pijao,Colombia,0.0,1,0.0
2608,Piru,Indonesia,0.0,1,0.0
403,Polabian,Germany,0.0,1,0.0
1610,Pumpokol,Russian Federation,0.0,1,0.0
853,Purisimeño,United States of America,0.0,1,0.0
827,New River Shasta,United States of America,0.0,1,0.0
796,Lower Chehalis,United States of America,0.0,1,0.0
104,Napore,Uganda,0.0,1,0.0
781,Mattole,United States of America,0.0,1,0.0
2202,Lishana Deni (Iraq),Iraq,0.0,1,0.0
2184,Lishanid Noshan (Iraq),Iraq,0.0,1,0.0
1156,Loke Tibetan,Nepal,0.0,1,0.0
93,Lorkoti,Kenya,0.0,1,0.0
1549,Quapaw,United States of America,0.0,1,0.0
2685,Mahigi,Papua New Guinea,0.0,1,0.0
624,Máku,Brazil,0.0,1,0.0
540,Malin,Myanmar,0.0,1,0.0
2552,Mapia,Indonesia,0.0,1,0.0
2647,Maragus,Vanuatu,0.0,1,0.0
209,Marrgu,Australia,0.0,1,0.0
1895,Matagalpa,Nicaragua,0.0,1,0.0
488,Mator,Russian Federation,0.0,1,0.0
771,Miami-Illinois,United States of America,0.0,1,0.0
2601,Naka'ela,Indonesia,0.0,1,0.0
839,Migueleño,United States of America,0.0,1,0.0
1813,Miraña (Brazil),Brazil,0.0,1,0.0
630,Mirití Tapuia,Brazil,0.0,1,0.0
2351,Mlahso (Syria),Syrian Arab Republic,0.0,1,0.0
1987,Mlahso (Turkey),Turkey,0.0,1,0.0
1295,Mo-peng,Sierra Leone,0.0,1,0.0
631,Mochica,Peru,0.0,1,0.0
2600,Moksela,Indonesia,0.0,1,0.0
825,Molala,United States of America,0.0,1,0.0
390,Mozarabic,Spain,0.0,1,0.0
2687,Mulaha,Papua New Guinea,0.0,1,0.0
1838,Múra,Brazil,0.0,1,0.0
35,Nagumi,Cameroon,0.0,1,0.0
551,Pyu,Myanmar,0.0,1,0.0
2064,Tetete,Ecuador,0.0,1,0.0
791,Quileute,United States of America,0.0,1,0.0
87,Qwarenya,Ethiopia,0.0,1,0.0
644,Ubykh (Caucasus),Russian Federation,0.0,1,0.0
1062,Ubykh (Turkey),Turkey,0.0,1,0.0
1811,Umutina,Brazil,0.0,1,0.0
797,Upper Chehalis,United States of America,0.0,1,0.0
777,Upper Umpqua,United States of America,0.0,1,0.0
2709,Uruava,Papua New Guinea,0.0,1,0.0
1624,Urupá,Brazil,0.0,1,0.0
856,Ventureño,United States of America,0.0,1,0.0
662,Vilela,Argentina,0.0,1,0.0
319,Wanai,Venezuela (Bolivarian Republic of),0.0,1,0.0
2086,Wangkumara,Australia,0.0,1,0.0
850,Wappo,United States of America,0.0,1,0.0
722,Western Mansi,Russian Federation,0.0,1,0.0
774,Wiyot,United States of America,0.0,1,0.0
1881,Xakriabá,Brazil,0.0,1,0.0
94,Yaaku,Kenya,0.0,1,0.0
754,Yameo,Peru,0.0,1,0.0
252,Yir Yoront,Australia,0.0,1,0.0
2713,Yoba,Papua New Guinea,0.0,1,0.0
1601,Yola,Ireland,0.0,1,0.0
509,Yug,Russian Federation,0.0,1,0.0
849,Yuki,United States of America,0.0,1,0.0
510,Yurats,Russian Federation,0.0,1,0.0
610,Yurutí (Brazil),Brazil,0.0,1,0.0
21,Zeem,Nigeria,0.0,1,0.0
131,|'Auni,South Africa,0.0,1,0.0
136,|Xam,South Africa,0.0,1,0.0
1443,ǁKu ǁ'e,South Africa,0.0,1,0.0
1445,ǁKx'au,South Africa,0.0,1,0.0
794,Twana,United States of America,0.0,1,0.0
778,Tututni,United States of America,0.0,1,0.0
1534,Tunica,United States of America,0.0,1,0.0
832,Southeastern Pomo,United States of America,0.0,1,0.0
443,Rangkas,India,0.0,1,0.0
1288,Sanhaja of Srair,Morocco,0.0,1,0.0
1314,Sei,Sierra Leone,0.0,1,0.0
1291,Sened,Tunisia,0.0,1,0.0
558,Sengmai,India,0.0,1,0.0
866,Serrano,United States of America,0.0,1,0.0
2621,Seru,Malaysia,0.0,1,0.0
689,Seward Peninsula Inupiaq (Big Diomede Island),Russian Federation,0.0,1,0.0
108,Singa,Uganda,0.0,1,0.0
2049,Siraiya,China,0.0,1,0.0
2161,Sishee,New Caledonia (France),0.0,1,0.0
806,Siuslaw,United States of America,0.0,1,0.0
413,Slovincian,Poland,0.0,1,0.0
499,Southern Kamchadal,Russian Federation,0.0,1,0.0
2400,Tsetsaut,Canada,0.0,1,0.0
677,Southern Khanty,Russian Federation,0.0,1,0.0
678,Southern Mansi,Russian Federation,0.0,1,0.0
1449,Soyot,Russian Federation,0.0,1,0.0
1896,Subtiaba,Nicaragua,0.0,1,0.0
560,Taman,Myanmar,0.0,1,0.0
2568,Tandia,Indonesia,0.0,1,0.0
2043,Taokas,China,0.0,1,0.0
2612,Te'un (Te'un Island),Indonesia,0.0,1,0.0
788,Lipan,United States of America,0.0,1,0.0
799,Tillamook,United States of America,0.0,1,0.0
1738,Togoyo,Sudan,0.0,1,0.0
16,Tonjon,Côte d'Ivoire,0.0,1,0.0
1815,Torá,Brazil,0.0,1,0.0
2204,Lishan Didan (Iran),Iran (Islamic Republic of),0.0,1,0.0
2596,Kayeli,Indonesia,0.0,1,0.0
2597,Liliali,Indonesia,0.0,1,0.0
111,Li-Ngbee,Democratic Republic of the Congo,0.0,1,0.0
53,Birgid,Sudan,0.0,1,0.0
17,Boro,"Ethiopia, Togo",0.0,2,0.0
1894,Cacaopera,Nicaragua,0.0,1,0.0
135,Cape Khoekhoe,South Africa,0.0,1,0.0
1338,Cappadocian Greek (Turkey),Turkey,0.0,1,0.0
890,Catawba,United States of America,0.0,1,0.0
255,Cayuga (Oklahoma),United States of America,0.0,1,0.0
881,Cayuse,United States of America,0.0,1,0.0
808,Central Kalapuyan,United States of America,0.0,1,0.0
519,Chairel,India,0.0,1,0.0
587,Cholon,Peru,0.0,1,0.0
8,Coptic,Egypt,0.0,1,0.0
798,Cowlitz,United States of America,0.0,1,0.0
594,Culle,Peru,0.0,1,0.0
1609,Cuman,Hungary,0.0,1,0.0
868,Cupeño,United States of America,0.0,1,0.0
345,Dalmatian,Croatia,0.0,1,0.0
129,Deti,Botswana,0.0,1,0.0
2073,Dharug,Australia,0.0,1,0.0
2075,Dhurga,Australia,0.0,1,0.0
2201,Dicamay Agta,Philippines,0.0,1,0.0
1904,Dorasque,Panama,0.0,1,0.0
2629,Dororo,Solomon Islands,0.0,1,0.0
41,Duli,Cameroon,0.0,1,0.0
177,Dungidjau,Australia,0.0,1,0.0
438,Dura,Nepal,0.0,1,0.0
259,Eastern Abenaki,United States of America,0.0,1,0.0
470,Eastern Kamchadal,Russian Federation,0.0,1,0.0
833,Eastern Pomo,United States of America,0.0,1,0.0
2661,Bina,Papua New Guinea,0.0,1,0.0
1695,Berti,Sudan,0.0,1,0.0
1653,Berakou,Chad,0.0,1,0.0
1454,Arapaho (Oklahoma),United States of America,0.0,1,0.0
1444,!Gan!ne,South Africa,0.0,1,0.0
116,Aasax,United Republic of Tanzania,0.0,1,0.0
429,Ahom,India,0.0,1,0.0
486,Ainu (Kuril),Russian Federation,0.0,1,0.0
494,Ainu (Sakhalin),Russian Federation,0.0,1,0.0
329,Akkala Saami,Russian Federation,0.0,1,0.0
1342,Alderney French,United Kingdom of Great Britain and Northern Ireland,0.0,1,0.0
1658,Amanayé,Brazil,0.0,1,0.0
756,Andoa (Ecuador),Ecuador,0.0,1,0.0
513,Andro,India,0.0,1,0.0
838,Antoniano,United States of America,0.0,1,0.0
2141,Aore,Vanuatu,0.0,1,0.0
569,Apolista,Bolivia (Plurinational State of),0.0,1,0.0
1629,Arapáso,Brazil,0.0,1,0.0
1692,Baygo,Sudan,0.0,1,0.0
2658,Aribwatsa,Papua New Guinea,0.0,1,0.0
1611,Arin,Russian Federation,0.0,1,0.0
465,Arman,Russian Federation,0.0,1,0.0
2170,Arta,Philippines,0.0,1,0.0
573,Atacameño,"Argentina, Bolivia (Plurinational State of), Chile",0.0,3,0.0
830,Atsugewi,United States of America,0.0,1,0.0
2042,Babuza,China,0.0,1,0.0
170,Badala,Australia,0.0,1,0.0
12,Baga Kalem,Guinea,0.0,1,0.0
9,Baga Mboteni,Guinea,0.0,1,0.0
855,Barbareño,United States of America,0.0,1,0.0
2205,Barzani Jewish Neo-Aramaic (Iraq),Iraq,0.0,1,0.0
2048,Basay,China,0.0,1,0.0
782,Eel River Athabaskan,United States of America,0.0,1,0.0
56,Eliri,Sudan,0.0,1,0.0
92,Elmolo,Kenya,0.0,1,0.0
822,Klamath-Modoc,United States of America,0.0,1,0.0
2677,Karami,Papua New Guinea,0.0,1,0.0
1517,Karelian (Valday),Russian Federation,0.0,1,0.0
2091,Katabaga,Philippines,0.0,1,0.0
783,Kato,United States of America,0.0,1,0.0
2634,Kazukuru,Solomon Islands,0.0,1,0.0
126,Kede,Angola,0.0,1,0.0
371,Kemi Saami,Finland,0.0,1,0.0
2286,Kenaboi,Malaysia,0.0,1,0.0
479,Kerek,Russian Federation,0.0,1,0.0
2050,Ketangalan,China,0.0,1,0.0
1148,Khaccaḍ Bhoṭe,Nepal,0.0,1,0.0
1613,Kilit,Azerbaijan,0.0,1,0.0
137,Kinare,Kenya,0.0,1,0.0
828,Konomihu,United States of America,0.0,1,0.0
1548,Kansa,United States of America,0.0,1,0.0
100,Kore,Kenya,0.0,1,0.0
485,Kott,Russian Federation,0.0,1,0.0
618,Krenjê,Brazil,0.0,1,0.0
1354,Krevin,Latvia,0.0,1,0.0
2046,Kulun,China,0.0,1,0.0
189,Kurtjar,Australia,0.0,1,0.0
121,Kw'adza,United Republic of Tanzania,0.0,1,0.0
124,Kwadi,Angola,0.0,1,0.0
125,Kwisi,Angola,0.0,1,0.0
460,Kyakala,China,0.0,1,0.0
2134,Laghu,Solomon Islands,0.0,1,0.0
1149,Langthang Tibetan,Nepal,0.0,1,0.0
301,Lenca,"El Salvador, Honduras",0.0,2,0.0
341,Karaim (Crimea),Ukraine,0.0,1,0.0
2675,Kaniet,Papua New Guinea,0.0,1,0.0
1321,Eotile,Côte d'Ivoire,0.0,1,0.0
807,Hanis,United States of America,0.0,1,0.0
150,Eyak,United States of America,0.0,1,0.0
180,Gaagudju,Australia,0.0,1,0.0
89,Gafat,Ethiopia,0.0,1,0.0
1893,Garífuna (Nicaragua),Nicaragua,0.0,1,0.0
1687,Ge'ez,Ethiopia,0.0,1,0.0
2671,Getmata,Papua New Guinea,0.0,1,0.0
42,Gey,Cameroon,0.0,1,0.0
358,Gothic,Ukraine,0.0,1,0.0
4,Guanche,Spain,0.0,1,0.0
68,Gule,Sudan,0.0,1,0.0
2632,Guliguli,Solomon Islands,0.0,1,0.0
601,Gününa Küne,Argentina,0.0,1,0.0
1121,Gyasumdo,Nepal,0.0,1,0.0
2045,Hoanya,China,0.0,1,0.0
1353,Kamas Turk,Russian Federation,0.0,1,0.0
59,Homa,Sudan,0.0,1,0.0
1651,Horo,Chad,0.0,1,0.0
2219,Hpun,Myanmar,0.0,1,0.0
1817,Huitoto (Brazil),Brazil,0.0,1,0.0
2592,Hukumina,Indonesia,0.0,1,0.0
1537,Huron-Wyandot (United States of America),United States of America,0.0,1,0.0
2642,Ifo,Vanuatu,0.0,1,0.0
854,Ineseño,United States of America,0.0,1,0.0
298,Island Carib,Dominica,0.0,1,0.0
857,Island Chumash,United States of America,0.0,1,0.0
1925,Jorá,Bolivia (Plurinational State of),0.0,1,0.0
696,Judeo-Berber (Morocco),Morocco,0.0,1,0.0
477,Kamas,Russian Federation,0.0,1,0.0
130,ǁXegwi,South Africa,0.0,1,0.0
